onga_term	category	subset	existing_mapping	rank	match_kind	match_id	match_label	matched_on	score	match_def
alignments	DataType	alignment	edam:data_0863	1	embedding	SO:0000150	read	read	0.565	A sequence obtained from a single sequencing experiment. Typically a read is produced when a base calling program interprets information from a chromatogram trace file produced from a sequencing machine.
alignments	DataType	alignment	edam:data_0863	2	embedding	SO:0001486	standard_draft	standard_draft	0.554	The status of a whole genome sequence, where the data is minimally filtered or un-filtered, from any number of sequencing platforms, and is assembled into contigs. Genome sequence of this quality may harbour regions of poor quality and can be relatively incomplete.
alignments	DataType	alignment	edam:data_0863	3	embedding	SO:0001931	consensus_gDNA	consensus_gDNA	0.532	Genomic DNA sequence produced from some base calling or alignment algorithm which uses aligned or assembled multiple gDNA sequences as input.
alignments	DataType	alignment	edam:data_0863	4	embedding	SO:0000353	sequence_assembly	sequence_assembly	0.513	A sequence of nucleotides that has been algorithmically derived from an alignment of two or more different sequences.
alignments	DataType	alignment	edam:data_0863	5	embedding	SO:0001249	fragment_assembly	fragment_assembly	0.502	A fragment assembly is a genome assembly that orders overlapping fragments of the genome based on landmark sequences. The base pair distance between the landmarks is known allowing additivity of lengths.
alignments with modifications	DataType	alignment		1	embedding	SO:0000306	methylated_DNA_base_feature	methylated_DNA_base_feature	0.624	A nucleotide modified by methylation.
alignments with modifications	DataType	alignment		2	embedding	SO:0000305	modified_DNA_base	modified_DNA_base	0.575	A modified nucleotide, i.e. a nucleotide other than A, T, C. G.
alignments with modifications	DataType	alignment		3	embedding	SO:0001526	base_call_error_correction	base_call_error_correction	0.514	A region of sequence where the final nucleotide assignment is different from that given by the base caller due to an improvement that replaces a mistake.
alignments with modifications	DataType	alignment		4	embedding	SO:0000150	read	read	0.507	A sequence obtained from a single sequencing experiment. Typically a read is produced when a base calling program interprets information from a chromatogram trace file produced from a sequencing machine.
alignments with modifications	DataType	alignment		5	embedding	SO:0000161	methylated_adenine	methylated_adenine	0.505	A modified base in which adenine has been methylated.
diploid personal genome alignments	DataType	alignment		1	embedding	SO:0001505	reference_genome	reference_genome	0.540	A collection of sequences (often chromosomes) taken as the standard for a given organism and genome assembly.
diploid personal genome alignments	DataType	alignment		2	embedding	SO:0001248	assembly	assembly	0.536	A region of the genome of known length that is composed by ordering and aligning two or more different regions.
diploid personal genome alignments	DataType	alignment		3	embedding	SO:0001506	variant_genome	variant_genome	0.531	A collection of sequences (often chromosomes) of an individual.
diploid personal genome alignments	DataType	alignment		4	embedding	SO:0001486	standard_draft	standard_draft	0.515	The status of a whole genome sequence, where the data is minimally filtered or un-filtered, from any number of sequencing platforms, and is assembled into contigs. Genome sequence of this quality may harbour regions of poor quality and can be relatively incomplete.
diploid personal genome alignments	DataType	alignment		5	embedding	SO:0001487	high_quality_draft	high_quality_draft	0.510	The status of a whole genome sequence, where overall coverage represents at least 90 percent of the genome.
gene alignments	DataType	alignment		1	embedding	SO:0001428	expressed_sequence_assembly	expressed_sequence_assembly	0.623	A sequence assembly derived from expressed sequences.
gene alignments	DataType	alignment		2	embedding	SO:0000353	sequence_assembly	sequence_assembly	0.615	A sequence of nucleotides that has been algorithmically derived from an alignment of two or more different sequences.
gene alignments	DataType	alignment		3	embedding	SO:0000343	match	match	0.560	A region of sequence, aligned to another sequence with some statistical significance, using an algorithm such as BLAST or SIM4.
gene alignments	DataType	alignment		4	embedding	SO:0000102	expressed_sequence_match	expressed_sequence_match	0.558	A match to an EST or cDNA sequence.
gene alignments	DataType	alignment		5	embedding	SO:0001248	assembly	assembly	0.548	A region of the genome of known length that is composed by ordering and aligning two or more different regions.
preprocessed alignments	DataType	alignment		1	embedding	SO:0002173	indel_artifact	indel_artifact	0.528	An indel that is the result of base-calling or assembly error.
preprocessed alignments	DataType	alignment		2	embedding	SO:0001526	base_call_error_correction	base_call_error_correction	0.526	A region of sequence where the final nucleotide assignment is different from that given by the base caller due to an improvement that replaces a mistake.
preprocessed alignments	DataType	alignment		3	embedding	SO:0002176	substitution_artifact	substitution_artifact	0.509	A substitution that is the result of base-calling or assembly error.
preprocessed alignments	DataType	alignment		4	embedding	SO:0001931	consensus_gDNA	consensus_gDNA	0.494	Genomic DNA sequence produced from some base calling or alignment algorithm which uses aligned or assembled multiple gDNA sequences as input.
preprocessed alignments	DataType	alignment		5	embedding	SO:0001525	assembly_error_correction	assembly_error_correction	0.488	A region of sequence where the final nucleotide assignment differs from the original assembly due to an improvement that replaces a mistake.
reads	DataType	alignment	SO:0000150	1	lexical	SO:0000150	read	read	0.626	A sequence obtained from a single sequencing experiment. Typically a read is produced when a base calling program interprets information from a chromatogram trace file produced from a sequencing machine.
reads	DataType	alignment	SO:0000150	2	embedding	SO:0001424	pyrosequenced_read	pyrosequenced_read	0.572	A read produced by pyrosequencing technology.
reads	DataType	alignment	SO:0000150	3	embedding	SO:0001486	standard_draft	standard_draft	0.569	The status of a whole genome sequence, where the data is minimally filtered or un-filtered, from any number of sequencing platforms, and is assembled into contigs. Genome sequence of this quality may harbour regions of poor quality and can be relatively incomplete.
reads	DataType	alignment	SO:0000150	4	embedding	SO:0001425	ligation_based_read	ligation_based_read	0.532	A read produced by ligation based sequencing technologies.
reads	DataType	alignment	SO:0000150	5	embedding	SO:0001467	RST	RST	0.516	A tag produced from a single sequencing read from a RACE product; typically a few hundred base pairs long.
reads	DataType	alignment	SO:0000150	6	embedding	SO:0001469	five_prime_RST	five_prime_RST	0.501	A tag produced from a single sequencing read from a 5'-RACE product; typically a few hundred base pairs long.
redacted alignments	DataType	alignment		1	embedding	SO:0001085	sequence_conflict	sequence_conflict	0.468	Different sources report differing sequences.
redacted alignments	DataType	alignment		2	embedding	SO:0002073	no_sequence_alteration	no_sequence_alteration	0.461	A position or feature within a sequence that is identical to the comparable position or feature of a specified reference sequence.
redacted alignments	DataType	alignment		3	embedding	SO:0001838	novel_sequence_insertion	novel_sequence_insertion	0.450	An insertion the sequence of which cannot be mapped to the reference genome.
redacted alignments	DataType	alignment		4	embedding	SO:0000671	internal_eliminated_sequence	internal_eliminated_sequence	0.446	A sequence eliminated from the genome of ciliates during nuclear differentiation.
redacted alignments	DataType	alignment		5	embedding	SO:0000414	invalidated_by_genomic_contamination	invalidated_by_genomic_contamination	0.434	An attribute to describe a feature that is invalidated due to genomic contamination.
redacted transcriptome alignments	DataType	alignment		1	embedding	SO:0000607	unedited_region	unedited_region	0.562	The region of an edited transcript that will not be edited.
redacted transcriptome alignments	DataType	alignment		2	embedding	SO:0001525	assembly_error_correction	assembly_error_correction	0.562	A region of sequence where the final nucleotide assignment differs from the original assembly due to an improvement that replaces a mistake.
redacted transcriptome alignments	DataType	alignment		3	embedding	SO:0001542	increased_transcript_level_variant	increased_transcript_level_variant	0.540	A sequence variant that increases the level of mature, spliced and processed RNA with respect to a reference sequence.
redacted transcriptome alignments	DataType	alignment		4	embedding	SO:0002076	incomplete_transcript_3UTR_variant	incomplete_transcript_3UTR_variant	0.533	A sequence variant that intersects the 3' UTR of an incompletely annotated transcript.
redacted transcriptome alignments	DataType	alignment		5	embedding	SO:0000874	edited_transcript_by_A_to_I_substitution	edited_transcript_by_A_to_I_substitution	0.531	A transcript that has been edited by A to I substitution.
rejected reads	DataType	alignment		1	lexical-suffix	SO:0000150	read	read	0.419	A sequence obtained from a single sequencing experiment. Typically a read is produced when a base calling program interprets information from a chromatogram trace file produced from a sequencing machine.
rejected reads	DataType	alignment		2	embedding	SO:0100010	no_output	no_output	0.463	An experimental region wherean analysis has been run and not produced any annotation.
rejected reads	DataType	alignment		3	embedding	SO:0001486	standard_draft	standard_draft	0.449	The status of a whole genome sequence, where the data is minimally filtered or un-filtered, from any number of sequencing platforms, and is assembled into contigs. Genome sequence of this quality may harbour regions of poor quality and can be relatively incomplete.
rejected reads	DataType	alignment		4	embedding	SO:0000607	unedited_region	unedited_region	0.436	The region of an edited transcript that will not be edited.
rejected reads	DataType	alignment		5	embedding	SO:0002075	incomplete_transcript_variant	incomplete_transcript_variant	0.434	A sequence variant that intersects an incompletely annotated transcript.
rejected reads	DataType	alignment		6	embedding	SO:0002077	incomplete_transcript_5UTR_variant	incomplete_transcript_5UTR_variant	0.429	A sequence variant that intersects the 5' UTR of an incompletely annotated transcript.
spike-in alignments	DataType	alignment		1	embedding	SO:0000995	consensus_mRNA	consensus_mRNA	0.454	An mRNA sequence produced from an aligment algorithm that uses multiple sequences as input.
spike-in alignments	DataType	alignment		2	embedding	SO:0001827	mRNA_read	mRNA_read	0.427	A sequencer read of an mRNA substrate.
spike-in alignments	DataType	alignment		3	embedding	SO:0001835	N_region	N_region	0.424	Extra nucleotides inserted between rearranged immunoglobulin segments.
spike-in alignments	DataType	alignment		4	embedding	SO:0000110	sequence_feature	sequence_feature	0.423	Any extent of continuous biological sequence.
spike-in alignments	DataType	alignment		5	embedding	SO:0002206	sequence_source	sequence_source	0.421	Identifies the biological source of the specified span of the sequence
transcriptome alignments	DataType	alignment		1	embedding	SO:0000102	expressed_sequence_match	expressed_sequence_match	0.567	A match to an EST or cDNA sequence.
transcriptome alignments	DataType	alignment		2	embedding	SO:0001428	expressed_sequence_assembly	expressed_sequence_assembly	0.558	A sequence assembly derived from expressed sequences.
transcriptome alignments	DataType	alignment		3	embedding	SO:0001209	three_prime_EST	three_prime_EST	0.550	An EST read from the 3' end of a transcript. They are more likely to fall within non-coding, or untranslated regions(UTRs).
transcriptome alignments	DataType	alignment		4	embedding	SO:0000353	sequence_assembly	sequence_assembly	0.539	A sequence of nucleotides that has been algorithmically derived from an alignment of two or more different sequences.
transcriptome alignments	DataType	alignment		5	embedding	SO:0001829	mRNA_contig	mRNA_contig	0.538	A contig composed of mRNA_reads.
base overlap signal	DataType	signal_track		1	lexical-suffix	SO:0000418	signal_peptide	signal	0.162	The signal_peptide is a short region of the peptide located at the N-terminus that directs the protein to be secreted or part of membrane components.
base overlap signal	DataType	signal_track		2	lexical-suffix	SO:0000725	transit_peptide	signal	0.134	The transit_peptide is a short region at the N-terminus of the peptide that directs the protein to an organelle (chloroplast, mitochondrion, microbody or cyanelle).
base overlap signal	DataType	signal_track		3	embedding	SO:0000699	junction	junction	0.506	A sequence_feature with an extent of zero.
base overlap signal	DataType	signal_track		4	embedding	SO:0000150	read	read	0.503	A sequence obtained from a single sequencing experiment. Typically a read is produced when a base calling program interprets information from a chromatogram trace file produced from a sequencing machine.
base overlap signal	DataType	signal_track		5	embedding	SO:0001931	consensus_gDNA	consensus_gDNA	0.490	Genomic DNA sequence produced from some base calling or alignment algorithm which uses aligned or assembled multiple gDNA sequences as input.
base overlap signal	DataType	signal_track		6	embedding	SO:0001236	base	base	0.484	A base is a sequence feature that corresponds to a single unit of a nucleotide polymer.
base overlap signal	DataType	signal_track		7	embedding	SO:0000347	nucleotide_match	nucleotide_match	0.484	A match against a nucleotide sequence.
bias-corrected predicted signal profile	DataType	signal_track		1	embedding	SO:0001526	base_call_error_correction	base_call_error_correction	0.485	A region of sequence where the final nucleotide assignment is different from that given by the base caller due to an improvement that replaces a mistake.
bias-corrected predicted signal profile	DataType	signal_track		2	embedding	SO:0001525	assembly_error_correction	assembly_error_correction	0.461	A region of sequence where the final nucleotide assignment differs from the original assembly due to an improvement that replaces a mistake.
bias-corrected predicted signal profile	DataType	signal_track		3	embedding	SO:0002176	substitution_artifact	substitution_artifact	0.453	A substitution that is the result of base-calling or assembly error.
bias-corrected predicted signal profile	DataType	signal_track		4	embedding	SO:0001066	compositionally_biased_region_of_peptide	compositionally_biased_region_of_peptide	0.432	Polypeptide region that is rich in a particular amino acid or homopolymeric and greater than three residues in length.
bias-corrected predicted signal profile	DataType	signal_track		5	embedding	SO:0002175	insertion_artifact	insertion_artifact	0.432	An insertion that is the result of base-calling or assembly error.
control normalized signal	DataType	signal_track		1	lexical-suffix	SO:0000418	signal_peptide	signal	0.217	The signal_peptide is a short region of the peptide located at the N-terminus that directs the protein to be secreted or part of membrane components.
control normalized signal	DataType	signal_track		2	lexical-suffix	SO:0000725	transit_peptide	signal	0.101	The transit_peptide is a short region at the N-terminus of the peptide that directs the protein to an organelle (chloroplast, mitochondrion, microbody or cyanelle).
control normalized signal	DataType	signal_track		3	embedding	SO:0001410	experimental_feature	experimental_feature	0.441	A region which is the result of some arbitrary experimental procedure. The procedure may be carried out with biological material or inside a computer.
control normalized signal	DataType	signal_track		4	embedding	SO:0000124	transcriptionally_constitutive	transcriptionally_constitutive	0.380	Expressed in relatively constant amounts without regard to cellular environmental conditions such as the concentration of a particular substrate.
control normalized signal	DataType	signal_track		5	embedding	SO:0100010	no_output	no_output	0.367	An experimental region wherean analysis has been run and not produced any annotation.
control normalized signal	DataType	signal_track		6	embedding	SO:0002172	sequence_alteration_artifact	sequence_alteration_artifact	0.353	A sequence_alteration where the source of the alteration is due to an artifact in the base-calling or assembly process.
control normalized signal	DataType	signal_track		7	embedding	SO:0000695	reagent	reagent	0.347	A sequence used in experiment.
enrichment	DataType	signal_track		1	embedding	SO:0001685	score	score	0.470	The score of an experimentally derived feature such as a p-value.
enrichment	DataType	signal_track		2	embedding	SO:0002315	increased_gene_product_level	increased_gene_product_level	0.392	A variant that increases the level or amount of gene product produced.
enrichment	DataType	signal_track		3	embedding	SO:0002186	mutational_hotspot	mutational_hotspot	0.384	A region of genomic sequence known to undergo mutational events with greater frequency than expected by chance.
enrichment	DataType	signal_track		4	embedding	SO:0001911	copy_number_increase	copy_number_increase	0.376	A sequence variant where copies of a feature are increased relative to the reference.
enrichment	DataType	signal_track		5	embedding	SO:0002314	altered_gene_product_level	altered_gene_product_level	0.369	A sequence variant that alters the level or amount of gene product produced. This high level term can be applied where the direction of level change (increased vs decreased gene product level) is unknown or not confirmed.
fold change over control	DataType	signal_track		1	embedding	SO:0001911	copy_number_increase	copy_number_increase	0.470	A sequence variant where copies of a feature are increased relative to the reference.
fold change over control	DataType	signal_track		2	embedding	SO:0001912	copy_number_decrease	copy_number_decrease	0.447	A sequence variant where copies of a feature are decreased relative to the reference.
fold change over control	DataType	signal_track		3	embedding	SO:0002314	altered_gene_product_level	altered_gene_product_level	0.442	A sequence variant that alters the level or amount of gene product produced. This high level term can be applied where the direction of level change (increased vs decreased gene product level) is unknown or not confirmed.
fold change over control	DataType	signal_track		4	embedding	SO:0002315	increased_gene_product_level	increased_gene_product_level	0.435	A variant that increases the level or amount of gene product produced.
fold change over control	DataType	signal_track		5	embedding	SO:0000124	transcriptionally_constitutive	transcriptionally_constitutive	0.428	Expressed in relatively constant amounts without regard to cellular environmental conditions such as the concentration of a particular substrate.
signal	DataType	signal_track		1	lexical	SO:0000418	signal_peptide	signal	0.262	The signal_peptide is a short region of the peptide located at the N-terminus that directs the protein to be secreted or part of membrane components.
signal	DataType	signal_track		2	lexical	SO:0000725	transit_peptide	signal	0.154	The transit_peptide is a short region at the N-terminus of the peptide that directs the protein to an organelle (chloroplast, mitochondrion, microbody or cyanelle).
signal	DataType	signal_track		3	embedding	SO:0000150	read	read	0.575	A sequence obtained from a single sequencing experiment. Typically a read is produced when a base calling program interprets information from a chromatogram trace file produced from a sequencing machine.
signal	DataType	signal_track		4	embedding	SO:0001486	standard_draft	standard_draft	0.498	The status of a whole genome sequence, where the data is minimally filtered or un-filtered, from any number of sequencing platforms, and is assembled into contigs. Genome sequence of this quality may harbour regions of poor quality and can be relatively incomplete.
signal	DataType	signal_track		5	embedding	SO:0001931	consensus_gDNA	consensus_gDNA	0.482	Genomic DNA sequence produced from some base calling or alignment algorithm which uses aligned or assembled multiple gDNA sequences as input.
signal	DataType	signal_track		6	embedding	SO:0001506	variant_genome	variant_genome	0.476	A collection of sequences (often chromosomes) of an individual.
signal	DataType	signal_track		7	embedding	SO:0001911	copy_number_increase	copy_number_increase	0.475	A sequence variant where copies of a feature are increased relative to the reference.
signal p-value	DataType	signal_track		1	embedding	SO:0001685	score	score	0.559	The score of an experimentally derived feature such as a p-value.
signal p-value	DataType	signal_track		2	embedding	SO:0000343	match	match	0.460	A region of sequence, aligned to another sequence with some statistical significance, using an algorithm such as BLAST or SIM4.
signal p-value	DataType	signal_track		3	embedding	SO:0001697	ChIP_seq_region	ChIP_seq_region	0.411	A region of sequence identified by CHiP seq technology to contain a protein binding site.
signal p-value	DataType	signal_track		4	embedding	SO:0000703	experimental_result_region	experimental_result_region	0.397	A region of sequence implicated in an experimental result.
signal p-value	DataType	signal_track		5	embedding	SO:0000175	minus_10_signal	minus_10_signal	0.396	A conserved region about 10-bp upstream of the start point of bacterial transcription units which may be involved in binding RNA polymerase; consensus=TAtAaT. This region is associated with sigma factor 70.
summed densities signal	DataType	signal_track		1	lexical-suffix	SO:0000418	signal_peptide	signal	0.178	The signal_peptide is a short region of the peptide located at the N-terminus that directs the protein to be secreted or part of membrane components.
summed densities signal	DataType	signal_track		2	lexical-suffix	SO:0000725	transit_peptide	signal	0.059	The transit_peptide is a short region at the N-terminus of the peptide that directs the protein to an organelle (chloroplast, mitochondrion, microbody or cyanelle).
summed densities signal	DataType	signal_track		3	embedding	SO:0001911	copy_number_increase	copy_number_increase	0.444	A sequence variant where copies of a feature are increased relative to the reference.
summed densities signal	DataType	signal_track		4	embedding	SO:0000150	read	read	0.436	A sequence obtained from a single sequencing experiment. Typically a read is produced when a base calling program interprets information from a chromatogram trace file produced from a sequencing machine.
summed densities signal	DataType	signal_track		5	embedding	SO:0001912	copy_number_decrease	copy_number_decrease	0.422	A sequence variant where copies of a feature are decreased relative to the reference.
summed densities signal	DataType	signal_track		6	embedding	SO:0001931	consensus_gDNA	consensus_gDNA	0.415	Genomic DNA sequence produced from some base calling or alignment algorithm which uses aligned or assembled multiple gDNA sequences as input.
summed densities signal	DataType	signal_track		7	embedding	SO:0001004	low_complexity	low_complexity	0.403	When a sequence does not contain an equal distribution of all four possible nucleotide bases or does not contain all nucleotide bases.
wavelet-smoothed signal	DataType	signal_track		1	lexical-suffix	SO:0000418	signal_peptide	signal	0.203	The signal_peptide is a short region of the peptide located at the N-terminus that directs the protein to be secreted or part of membrane components.
wavelet-smoothed signal	DataType	signal_track		2	lexical-suffix	SO:0000725	transit_peptide	signal	0.114	The transit_peptide is a short region at the N-terminus of the peptide that directs the protein to an organelle (chloroplast, mitochondrion, microbody or cyanelle).
wavelet-smoothed signal	DataType	signal_track		3	embedding	SO:0001906	feature_truncation	feature_truncation	0.366	A sequence variant that causes the reduction of a genomic feature, with regard to the reference sequence.
wavelet-smoothed signal	DataType	signal_track		4	embedding	SO:0000579	edited_transcript_feature	edited_transcript_feature	0.298	A locatable feature on a transcript that is edited.
wavelet-smoothed signal	DataType	signal_track		5	embedding	SO:0001879	feature_ablation	feature_ablation	0.293	A sequence variant, caused by an alteration of the genomic sequence, where the deletion, is greater than the extent of the underlying genomic features.
wavelet-smoothed signal	DataType	signal_track		6	embedding	SO:0001418	transcribed_fragment	transcribed_fragment	0.292	An experimental region, defined by a tiling array experiment to be transcribed at some level.
wavelet-smoothed signal	DataType	signal_track		7	embedding	SO:0001547	decreased_transcript_stability_variant	decreased_transcript_stability_variant	0.283	A sequence variant that decreases transcript stability with respect to a reference sequence.
bidirectional peaks	DataType	peak_set		1	embedding	SO:0000568	bidirectional_promoter	bidirectional_promoter	0.599	A promoter that can allow for transcription in both directions.
bidirectional peaks	DataType	peak_set		2	embedding	SO:0000167	promoter	promoter	0.510	A regulatory_region composed of the TSS(s) and binding sites for TF_complexes of the core transcription machinery. A region (DNA) to which RNA polymerase binds, to begin transcription.
bidirectional peaks	DataType	peak_set		3	embedding	SO:0000175	minus_10_signal	minus_10_signal	0.497	A conserved region about 10-bp upstream of the start point of bacterial transcription units which may be involved in binding RNA polymerase; consensus=TAtAaT. This region is associated with sigma factor 70.
bidirectional peaks	DataType	peak_set		4	embedding	SO:0000165	enhancer	enhancer	0.496	A cis-acting sequence that increases the utilization of (some) eukaryotic promoters, and can function in either orientation and in any location (upstream or downstream) relative to the promoter.
bidirectional peaks	DataType	peak_set		5	embedding	SO:0002301	transcription_unit	transcription_unit	0.494	DNA regions delimited by different nonspurious TSS-TTS pairs.
conservative IDR thresholded peaks	DataType	peak_set		1	embedding	SO:0001502	high_identity_region	high_identity_region	0.429	An experimental feature with high sequence identity to another sequence.
conservative IDR thresholded peaks	DataType	peak_set		2	embedding	SO:0001262	overlapping_EST_set	overlapping_EST_set	0.426	A continous experimental result region extending the length of multiple overlapping EST's.
conservative IDR thresholded peaks	DataType	peak_set		3	embedding	SO:0002071	CDS_supported_by_peptide_spectrum_match	CDS_supported_by_peptide_spectrum_match	0.408	A CDS that is supported by proteomics data.
conservative IDR thresholded peaks	DataType	peak_set		4	embedding	SO:0000343	match	match	0.406	A region of sequence, aligned to another sequence with some statistical significance, using an algorithm such as BLAST or SIM4.
conservative IDR thresholded peaks	DataType	peak_set		5	embedding	SO:0001825	conservative_inframe_deletion	conservative_inframe_deletion	0.401	An inframe decrease in cds length that deletes one or more entire codons from the coding sequence but does not change any remaining codons.
distal peaks	DataType	peak_set	edam:data_3002	1	embedding	SO:0001670	distal_promoter_element	distal_promoter_element	0.600	A regulatory promoter element that is distal from the TSS.
distal peaks	DataType	peak_set	edam:data_3002	2	embedding	SO:0001952	promoter_flanking_region	promoter_flanking_region	0.596	A region immediately adjacent to a promoter which may or may not contain transcription factor binding sites.
distal peaks	DataType	peak_set	edam:data_3002	3	embedding	SO:0002301	transcription_unit	transcription_unit	0.574	DNA regions delimited by different nonspurious TSS-TTS pairs.
distal peaks	DataType	peak_set	edam:data_3002	4	embedding	SO:0001238	major_TSS	major_TSS	0.573	The tanscription start site that is most frequently used for transcription of a gene.
distal peaks	DataType	peak_set	edam:data_3002	5	embedding	SO:0001915	transcription_start_cluster	transcription_start_cluster	0.568	A region defined by a cluster of experimentally determined transcription starting sites.
divergent peaks	DataType	peak_set	edam:data_3002	1	embedding	SO:0001241	encodes_alternate_transcription_start_sites	encodes_alternate_transcription_start_sites	0.596	A gene that has multiple possible transcription start sites.
divergent peaks	DataType	peak_set	edam:data_3002	2	embedding	SO:0000568	bidirectional_promoter	bidirectional_promoter	0.572	A promoter that can allow for transcription in both directions.
divergent peaks	DataType	peak_set	edam:data_3002	3	embedding	SO:0001915	transcription_start_cluster	transcription_start_cluster	0.568	A region defined by a cluster of experimentally determined transcription starting sites.
divergent peaks	DataType	peak_set	edam:data_3002	4	embedding	SO:0001238	major_TSS	major_TSS	0.548	The tanscription start site that is most frequently used for transcription of a gene.
divergent peaks	DataType	peak_set	edam:data_3002	5	embedding	SO:0002301	transcription_unit	transcription_unit	0.547	DNA regions delimited by different nonspurious TSS-TTS pairs.
IDR ranked peaks	DataType	peak_set		1	embedding	SO:0001502	high_identity_region	high_identity_region	0.396	An experimental feature with high sequence identity to another sequence.
IDR ranked peaks	DataType	peak_set		2	embedding	SO:0000657	repeat_region	repeat_region	0.380	A region of sequence containing one or more repeat units.
IDR ranked peaks	DataType	peak_set		3	embedding	SO:0000658	dispersed_repeat	dispersed_repeat	0.379	A repeat that is located at dispersed sites in the genome.
IDR ranked peaks	DataType	peak_set		4	embedding	SO:0000314	direct_repeat	direct_repeat	0.370	A repeat where the same sequence is repeated in the same direction. Example: GCTGA-followed by-GCTGA.
IDR ranked peaks	DataType	peak_set		5	embedding	SO:0001912	copy_number_decrease	copy_number_decrease	0.366	A sequence variant where copies of a feature are decreased relative to the reference.
optimal IDR thresholded peaks	DataType	peak_set		1	embedding	SO:0001502	high_identity_region	high_identity_region	0.367	An experimental feature with high sequence identity to another sequence.
optimal IDR thresholded peaks	DataType	peak_set		2	embedding	SO:0001262	overlapping_EST_set	overlapping_EST_set	0.342	A continous experimental result region extending the length of multiple overlapping EST's.
optimal IDR thresholded peaks	DataType	peak_set		3	embedding	SO:0001642	mathematically_defined_repeat	mathematically_defined_repeat	0.334	A mathematically defined repeat (MDR) is a experimental feature that is determined by querying overlapping oligomers of length k against a database of shotgun sequence data and identifying regions in the query sequence that exceed a statistically determined threshold of repetitiveness.
optimal IDR thresholded peaks	DataType	peak_set		4	embedding	SO:0001471	RST_match	RST_match	0.330	A match against an RST sequence.
optimal IDR thresholded peaks	DataType	peak_set		5	embedding	SO:0000343	match	match	0.329	A region of sequence, aligned to another sequence with some statistical significance, using an algorithm such as BLAST or SIM4.
peaks	DataType	peak_set		1	embedding	SO:0001697	ChIP_seq_region	ChIP_seq_region	0.701	A region of sequence identified by CHiP seq technology to contain a protein binding site.
peaks	DataType	peak_set		2	embedding	SO:0001917	CAGE_cluster	CAGE_cluster	0.472	A kind of transcription_initiation_cluster defined by the clustering of CAGE tags on a sequence region.
peaks	DataType	peak_set		3	embedding	SO:0000343	match	match	0.431	A region of sequence, aligned to another sequence with some statistical significance, using an algorithm such as BLAST or SIM4.
peaks	DataType	peak_set		4	embedding	SO:0001685	score	score	0.418	The score of an experimentally derived feature such as a p-value.
peaks	DataType	peak_set		5	embedding	SO:0001915	transcription_start_cluster	transcription_start_cluster	0.414	A region defined by a cluster of experimentally determined transcription starting sites.
peaks and background as input for IDR	DataType	peak_set	edam:data_3002	1	embedding	SO:0002205	response_element	response_element	0.446	A regulatory element that acts in response to a stimulus, usually via transcription factor binding.
peaks and background as input for IDR	DataType	peak_set	edam:data_3002	2	embedding	SO:1001249	CDS_supported_by_domain_match_data	CDS_supported_by_domain_match_data	0.445	A CDS that is supported by domain similarity.
peaks and background as input for IDR	DataType	peak_set	edam:data_3002	3	embedding	SO:0000993	consensus	consensus	0.429	A sequence produced from an aligment algorithm that uses multiple sequences as input.
peaks and background as input for IDR	DataType	peak_set	edam:data_3002	4	embedding	SO:0002071	CDS_supported_by_peptide_spectrum_match	CDS_supported_by_peptide_spectrum_match	0.424	A CDS that is supported by proteomics data.
peaks and background as input for IDR	DataType	peak_set	edam:data_3002	5	embedding	SO:0000110	sequence_feature	sequence_feature	0.418	Any extent of continuous biological sequence.
proximal peaks	DataType	peak_set	edam:data_3002	1	embedding	SO:0001952	promoter_flanking_region	promoter_flanking_region	0.629	A region immediately adjacent to a promoter which may or may not contain transcription factor binding sites.
proximal peaks	DataType	peak_set	edam:data_3002	2	embedding	SO:0001915	transcription_start_cluster	transcription_start_cluster	0.599	A region defined by a cluster of experimentally determined transcription starting sites.
proximal peaks	DataType	peak_set	edam:data_3002	3	embedding	SO:0001238	major_TSS	major_TSS	0.590	The tanscription start site that is most frequently used for transcription of a gene.
proximal peaks	DataType	peak_set	edam:data_3002	4	embedding	SO:0002301	transcription_unit	transcription_unit	0.573	DNA regions delimited by different nonspurious TSS-TTS pairs.
proximal peaks	DataType	peak_set	edam:data_3002	5	embedding	SO:0001670	distal_promoter_element	distal_promoter_element	0.557	A regulatory promoter element that is distal from the TSS.
pseudoreplicated IDR thresholded peaks	DataType	peak_set		1	embedding	SO:0002071	CDS_supported_by_peptide_spectrum_match	CDS_supported_by_peptide_spectrum_match	0.480	A CDS that is supported by proteomics data.
pseudoreplicated IDR thresholded peaks	DataType	peak_set		2	embedding	SO:0001262	overlapping_EST_set	overlapping_EST_set	0.449	A continous experimental result region extending the length of multiple overlapping EST's.
pseudoreplicated IDR thresholded peaks	DataType	peak_set		3	embedding	SO:1001249	CDS_supported_by_domain_match_data	CDS_supported_by_domain_match_data	0.415	A CDS that is supported by domain similarity.
pseudoreplicated IDR thresholded peaks	DataType	peak_set		4	embedding	SO:0000110	sequence_feature	sequence_feature	0.414	Any extent of continuous biological sequence.
pseudoreplicated IDR thresholded peaks	DataType	peak_set		5	embedding	SO:1001192	encodes_disjoint_polypeptides	encodes_disjoint_polypeptides	0.412	A gene that is alternately spliced, and encodes more than one polypeptide, that do not have overlapping peptide sequences.
pseudoreplicated peaks	DataType	peak_set		1	embedding	SO:0000007	read_pair	read_pair	0.413	One of a pair of sequencing reads in which the two members of the pair are related by originating at either end of a clone insert.
pseudoreplicated peaks	DataType	peak_set		2	embedding	SO:0000993	consensus	consensus	0.409	A sequence produced from an aligment algorithm that uses multiple sequences as input.
pseudoreplicated peaks	DataType	peak_set		3	embedding	SO:0001469	five_prime_RST	five_prime_RST	0.401	A tag produced from a single sequencing read from a 5'-RACE product; typically a few hundred base pairs long.
pseudoreplicated peaks	DataType	peak_set		4	embedding	SO:0001424	pyrosequenced_read	pyrosequenced_read	0.399	A read produced by pyrosequencing technology.
pseudoreplicated peaks	DataType	peak_set		5	embedding	SO:0001262	overlapping_EST_set	overlapping_EST_set	0.396	A continous experimental result region extending the length of multiple overlapping EST's.
replicated peaks	DataType	peak_set		1	embedding	SO:0001262	overlapping_EST_set	overlapping_EST_set	0.388	A continous experimental result region extending the length of multiple overlapping EST's.
replicated peaks	DataType	peak_set		2	embedding	SO:0100010	no_output	no_output	0.378	An experimental region wherean analysis has been run and not produced any annotation.
replicated peaks	DataType	peak_set		3	embedding	SO:1001191	encodes_overlapping_peptides_different_start	encodes_overlapping_peptides_different_start	0.374	A gene that is alternately spliced, and encodes more than one polypeptide, that have overlapping peptide sequences, but use different start codons.
replicated peaks	DataType	peak_set		4	embedding	SO:0001085	sequence_conflict	sequence_conflict	0.374	Different sources report differing sequences.
replicated peaks	DataType	peak_set		5	embedding	SO:0001911	copy_number_increase	copy_number_increase	0.368	A sequence variant where copies of a feature are increased relative to the reference.
representative DNase hypersensitivity sites	DataType	peak_set	edam:data_3002	1	lexical-suffix	SO:0000409	binding_site	site	0.127	A biological_region of sequence that, in the molecule, interacts selectively and non-covalently with other molecules. A region on the surface of a molecule that may interact with another molecule. When applied to polypeptides: Amino acids involved in binding or interactions. It can also apply to an 
representative DNase hypersensitivity sites	DataType	peak_set	edam:data_3002	2	lexical-suffix	SO:0000839	polypeptide_region	site	0.108	Biological sequence region that can be assigned to a specific subsequence of a polypeptide.
representative DNase hypersensitivity sites	DataType	peak_set	edam:data_3002	3	embedding	SO:0000685	DNaseI_hypersensitive_site	DNaseI_hypersensitive_site	0.682	DNA region representing open chromatin structure that is hypersensitive to digestion by DNase I.
representative DNase hypersensitivity sites	DataType	peak_set	edam:data_3002	4	embedding	SO:0000322	nuclease_hypersensitive_site	nuclease_hypersensitive_site	0.533	A region of nucleotide sequence targeted by a nuclease enzyme that is found cleaved more than would be expected by chance.
representative DNase hypersensitivity sites	DataType	peak_set	edam:data_3002	5	embedding	SO:0001257	homing_endonuclease_binding_site	homing_endonuclease_binding_site	0.481	The binding site (recognition site) of a homing endonuclease. The binding site is typically large.
representative DNase hypersensitivity sites	DataType	peak_set	edam:data_3002	6	embedding	SO:0000684	nuclease_sensitive_site	nuclease_sensitive_site	0.457	A region of nucleotide sequence targeted by a nuclease enzyme.
representative DNase hypersensitivity sites	DataType	peak_set	edam:data_3002	7	embedding	SO:0002349	fragile_site	fragile_site	0.427	A heritable locus on a chromosome that is prone to DNA breakage.
representative IDR thresholded peaks	DataType	peak_set		1	embedding	SO:0001262	overlapping_EST_set	overlapping_EST_set	0.423	A continous experimental result region extending the length of multiple overlapping EST's.
representative IDR thresholded peaks	DataType	peak_set		2	embedding	SO:0002071	CDS_supported_by_peptide_spectrum_match	CDS_supported_by_peptide_spectrum_match	0.404	A CDS that is supported by proteomics data.
representative IDR thresholded peaks	DataType	peak_set		3	embedding	SO:0001502	high_identity_region	high_identity_region	0.390	An experimental feature with high sequence identity to another sequence.
representative IDR thresholded peaks	DataType	peak_set		4	embedding	SO:0001261	overlapping_feature_set	overlapping_feature_set	0.383	A continuous region of sequence composed of the overlapping of multiple sequence_features, which ultimately provides evidence for another sequence_feature.
representative IDR thresholded peaks	DataType	peak_set		5	embedding	SO:0000343	match	match	0.380	A region of sequence, aligned to another sequence with some statistical significance, using an algorithm such as BLAST or SIM4.
unidirectional peaks	DataType	peak_set	edam:data_3002	1	embedding	SO:0002301	transcription_unit	transcription_unit	0.529	DNA regions delimited by different nonspurious TSS-TTS pairs.
unidirectional peaks	DataType	peak_set	edam:data_3002	2	embedding	SO:0001915	transcription_start_cluster	transcription_start_cluster	0.499	A region defined by a cluster of experimentally determined transcription starting sites.
unidirectional peaks	DataType	peak_set	edam:data_3002	3	embedding	SO:0000568	bidirectional_promoter	bidirectional_promoter	0.499	A promoter that can allow for transcription in both directions.
unidirectional peaks	DataType	peak_set	edam:data_3002	4	embedding	SO:0001238	major_TSS	major_TSS	0.481	The tanscription start site that is most frequently used for transcription of a gene.
unidirectional peaks	DataType	peak_set	edam:data_3002	5	embedding	SO:0001241	encodes_alternate_transcription_start_sites	encodes_alternate_transcription_start_sites	0.476	A gene that has multiple possible transcription start sites.
valleys	DataType	peak_set		1	embedding	SO:0000472	tiling_path	tiling_path	0.476	A set of regions which overlap with minimal polymorphism to form a linear sequence.
valleys	DataType	peak_set		2	embedding	SO:0001697	ChIP_seq_region	ChIP_seq_region	0.458	A region of sequence identified by CHiP seq technology to contain a protein binding site.
valleys	DataType	peak_set		3	embedding	SO:0001163	INR1_motif	INR1_motif	0.442	A promoter motif with consensus sequence TCATTCG.
valleys	DataType	peak_set		4	embedding	SO:0002331	accessible_DNA_region	accessible_DNA_region	0.437	A region of DNA that is depleted of nucleosomes and accessible to DNA-binding proteins including transcription factors and nucleases.
valleys	DataType	peak_set		5	embedding	SO:0002020	boundary_element	boundary_element	0.436	Boundary elements are DNA motifs that prevent heterochromatin from spreading into neighboring euchromatic regions.
consensus DNase hypersensitivity sites	DataType	chromatin_accessibility		1	lexical-suffix	SO:0000409	binding_site	site	0.096	A biological_region of sequence that, in the molecule, interacts selectively and non-covalently with other molecules. A region on the surface of a molecule that may interact with another molecule. When applied to polypeptides: Amino acids involved in binding or interactions. It can also apply to an 
consensus DNase hypersensitivity sites	DataType	chromatin_accessibility		2	lexical-suffix	SO:0000839	polypeptide_region	site	0.092	Biological sequence region that can be assigned to a specific subsequence of a polypeptide.
consensus DNase hypersensitivity sites	DataType	chromatin_accessibility		3	embedding	SO:0000685	DNaseI_hypersensitive_site	DNaseI_hypersensitive_site	0.686	DNA region representing open chromatin structure that is hypersensitive to digestion by DNase I.
consensus DNase hypersensitivity sites	DataType	chromatin_accessibility		4	embedding	SO:0000322	nuclease_hypersensitive_site	nuclease_hypersensitive_site	0.537	A region of nucleotide sequence targeted by a nuclease enzyme that is found cleaved more than would be expected by chance.
consensus DNase hypersensitivity sites	DataType	chromatin_accessibility		5	embedding	SO:0002349	fragile_site	fragile_site	0.455	A heritable locus on a chromosome that is prone to DNA breakage.
consensus DNase hypersensitivity sites	DataType	chromatin_accessibility		6	embedding	SO:0000684	nuclease_sensitive_site	nuclease_sensitive_site	0.435	A region of nucleotide sequence targeted by a nuclease enzyme.
consensus DNase hypersensitivity sites	DataType	chromatin_accessibility		7	embedding	SO:0002331	accessible_DNA_region	accessible_DNA_region	0.424	A region of DNA that is depleted of nucleosomes and accessible to DNA-binding proteins including transcription factors and nucleases.
DHS peaks	DataType	chromatin_accessibility	SO:0000685	1	embedding	SO:0000685	DNaseI_hypersensitive_site	DNaseI_hypersensitive_site	0.824	DNA region representing open chromatin structure that is hypersensitive to digestion by DNase I.
DHS peaks	DataType	chromatin_accessibility	SO:0000685	2	embedding	SO:0001697	ChIP_seq_region	ChIP_seq_region	0.586	A region of sequence identified by CHiP seq technology to contain a protein binding site.
DHS peaks	DataType	chromatin_accessibility	SO:0000685	3	embedding	SO:0002331	accessible_DNA_region	accessible_DNA_region	0.553	A region of DNA that is depleted of nucleosomes and accessible to DNA-binding proteins including transcription factors and nucleases.
DHS peaks	DataType	chromatin_accessibility	SO:0000685	4	embedding	SO:0001747	open_chromatin_region	open_chromatin_region	0.529	A DNA sequence that in the normal state of the chromosome corresponds to an unfolded, un-complexed stretch of double-stranded DNA.
DHS peaks	DataType	chromatin_accessibility	SO:0000685	5	embedding	SO:0000322	nuclease_hypersensitive_site	nuclease_hypersensitive_site	0.507	A region of nucleotide sequence targeted by a nuclease enzyme that is found cleaved more than would be expected by chance.
DHS regions reference	DataType	chromatin_accessibility		1	embedding	SO:0000685	DNaseI_hypersensitive_site	DNaseI_hypersensitive_site	0.659	DNA region representing open chromatin structure that is hypersensitive to digestion by DNase I.
DHS regions reference	DataType	chromatin_accessibility		2	embedding	SO:0000037	locus_control_region	locus_control_region	0.530	A DNA region that includes DNAse hypersensitive sites located near a gene that confers the high-level, position-independent, and copy number-dependent expression to that gene.
DHS regions reference	DataType	chromatin_accessibility		3	embedding	SO:0001697	ChIP_seq_region	ChIP_seq_region	0.496	A region of sequence identified by CHiP seq technology to contain a protein binding site.
DHS regions reference	DataType	chromatin_accessibility		4	embedding	SO:0002331	accessible_DNA_region	accessible_DNA_region	0.477	A region of DNA that is depleted of nucleosomes and accessible to DNA-binding proteins including transcription factors and nucleases.
DHS regions reference	DataType	chromatin_accessibility		5	embedding	SO:0000626	chromosomal_regulatory_element	chromosomal_regulatory_element	0.447	Regions of the chromosome that are important for regulating binding of chromosomes to the nuclear matrix.
FDR cut rate	DataType	chromatin_accessibility		1	embedding	SO:0001697	ChIP_seq_region	ChIP_seq_region	0.419	A region of sequence identified by CHiP seq technology to contain a protein binding site.
FDR cut rate	DataType	chromatin_accessibility		2	embedding	SO:0001552	decreased_transcription_rate_variant	decreased_transcription_rate_variant	0.419	A sequence variant that decreases the rate of transcription with respect to a reference sequence.
FDR cut rate	DataType	chromatin_accessibility		3	embedding	SO:0001551	increased_transcription_rate_variant	increased_transcription_rate_variant	0.405	A sequence variant that increases the rate of transcription with respect to a reference sequence.
FDR cut rate	DataType	chromatin_accessibility		4	embedding	SO:0001550	rate_of_transcription_variant	rate_of_transcription_variant	0.366	A sequence variant that changes the rate of transcription with respect to a reference sequence.
FDR cut rate	DataType	chromatin_accessibility		5	embedding	SO:0000322	nuclease_hypersensitive_site	nuclease_hypersensitive_site	0.360	A region of nucleotide sequence targeted by a nuclease enzyme that is found cleaved more than would be expected by chance.
hotspots	DataType	chromatin_accessibility		1	embedding	SO:0000685	DNaseI_hypersensitive_site	DNaseI_hypersensitive_site	0.629	DNA region representing open chromatin structure that is hypersensitive to digestion by DNase I.
hotspots	DataType	chromatin_accessibility		2	embedding	SO:0002331	accessible_DNA_region	accessible_DNA_region	0.565	A region of DNA that is depleted of nucleosomes and accessible to DNA-binding proteins including transcription factors and nucleases.
hotspots	DataType	chromatin_accessibility		3	embedding	SO:0000322	nuclease_hypersensitive_site	nuclease_hypersensitive_site	0.490	A region of nucleotide sequence targeted by a nuclease enzyme that is found cleaved more than would be expected by chance.
hotspots	DataType	chromatin_accessibility		4	embedding	SO:0000684	nuclease_sensitive_site	nuclease_sensitive_site	0.454	A region of nucleotide sequence targeted by a nuclease enzyme.
hotspots	DataType	chromatin_accessibility		5	embedding	SO:0002305	topologically_associated_domain_boundary	topologically_associated_domain_boundary	0.447	A DNA region enriched in DNA loop anchors and across which DNA loops occur less often than expected by chance.
hotspots1 reference	DataType	chromatin_accessibility		1	embedding	SO:0002186	mutational_hotspot	mutational_hotspot	0.535	A region of genomic sequence known to undergo mutational events with greater frequency than expected by chance.
hotspots1 reference	DataType	chromatin_accessibility		2	embedding	SO:0000339	recombination_hotspot	recombination_hotspot	0.519	A region in a genome which promotes recombination.
hotspots1 reference	DataType	chromatin_accessibility		3	embedding	SO:0000699	junction	junction	0.428	A sequence_feature with an extent of zero.
hotspots1 reference	DataType	chromatin_accessibility		4	embedding	SO:0001502	high_identity_region	high_identity_region	0.416	An experimental feature with high sequence identity to another sequence.
hotspots1 reference	DataType	chromatin_accessibility		5	embedding	SO:0001765	rare_variant	rare_variant	0.394	When a variant from the genomic sequence is rarely found in the general population. The threshold for 'rare' varies between studies.
hotspots2 reference	DataType	chromatin_accessibility		1	embedding	SO:0002186	mutational_hotspot	mutational_hotspot	0.539	A region of genomic sequence known to undergo mutational events with greater frequency than expected by chance.
hotspots2 reference	DataType	chromatin_accessibility		2	embedding	SO:0000339	recombination_hotspot	recombination_hotspot	0.524	A region in a genome which promotes recombination.
hotspots2 reference	DataType	chromatin_accessibility		3	embedding	SO:0001502	high_identity_region	high_identity_region	0.442	An experimental feature with high sequence identity to another sequence.
hotspots2 reference	DataType	chromatin_accessibility		4	embedding	SO:0001765	rare_variant	rare_variant	0.409	When a variant from the genomic sequence is rarely found in the general population. The threshold for 'rare' varies between studies.
hotspots2 reference	DataType	chromatin_accessibility		5	embedding	SO:0002094	non_allelic_homologous_recombination_region	non_allelic_homologous_recombination_region	0.405	A genomic region at a non-allelic position where exchange of genetic material happens as a result of homologous recombination.
nuclease cleavage frequency	DataType	chromatin_accessibility		1	embedding	SO:0000322	nuclease_hypersensitive_site	nuclease_hypersensitive_site	0.632	A region of nucleotide sequence targeted by a nuclease enzyme that is found cleaved more than would be expected by chance.
nuclease cleavage frequency	DataType	chromatin_accessibility		2	embedding	SO:0000684	nuclease_sensitive_site	nuclease_sensitive_site	0.607	A region of nucleotide sequence targeted by a nuclease enzyme.
nuclease cleavage frequency	DataType	chromatin_accessibility		3	embedding	SO:0000685	DNaseI_hypersensitive_site	DNaseI_hypersensitive_site	0.519	DNA region representing open chromatin structure that is hypersensitive to digestion by DNase I.
nuclease cleavage frequency	DataType	chromatin_accessibility		4	embedding	SO:0000354	group_1_intron_homing_endonuclease_target_region	group_1_intron_homing_endonuclease_target_region	0.471	A region of intronic nucleotide sequence targeted by a nuclease enzyme.
nuclease cleavage frequency	DataType	chromatin_accessibility		5	embedding	SO:0000182	DNA_transposon	DNA_transposon	0.470	A transposon where the mechanism of transposition is via a DNA intermediate.
contact matrix	DataType	contact_matrix		1	embedding	SO:0002025	cis_acting_homologous_chromosome_pairing_region	cis_acting_homologous_chromosome_pairing_region	0.488	A genome region where chromosome pairing occurs preferentially during homologous chromosome pairing during early meiotic prophase of Meiosis I.
contact matrix	DataType	contact_matrix		2	embedding	SO:0000626	chromosomal_regulatory_element	chromosomal_regulatory_element	0.478	Regions of the chromosome that are important for regulating binding of chromosomes to the nuclear matrix.
contact matrix	DataType	contact_matrix		3	embedding	SO:0001511	interchromosomal	interchromosomal	0.456	A change in chromosomes that occurs between two sections of the same chromosome or between homologous chromosomes.
contact matrix	DataType	contact_matrix		4	embedding	SO:0000240	chromosome_variation	chromosome_variation	0.454	A deviation in chromosome structure or number.
contact matrix	DataType	contact_matrix		5	embedding	SO:0002233	homologous_chromosome_recognition_and_pairing_locus	homologous_chromosome_recognition_and_pairing_locus	0.441	A chromosomal locus where complementary lncRNA and associated proteins accumulate at the corresponding lncRNA gene loci to tether homologous chromosome during chromosome pairing at meiosis I.
pairs	DataType	contact_matrix		1	embedding	SO:0001425	ligation_based_read	ligation_based_read	0.577	A read produced by ligation based sequencing technologies.
pairs	DataType	contact_matrix		2	embedding	SO:0000007	read_pair	read_pair	0.551	One of a pair of sequencing reads in which the two members of the pair are related by originating at either end of a clone insert.
pairs	DataType	contact_matrix		3	embedding	SO:0001790	paired_end_fragment	paired_end_fragment	0.501	An assembly region that has been sequenced from both ends resulting in a read_pair (mate_pair).
pairs	DataType	contact_matrix		4	embedding	SO:0001953	restriction_enzyme_assembly_scar	restriction_enzyme_assembly_scar	0.440	A region of DNA sequence formed from the ligation of two sticky ends where the palindrome is broken and no longer comprises the recognition site and thus cannot be re-cut by the restriction enzymes used to create the sticky ends.
pairs	DataType	contact_matrix		5	embedding	SO:0001249	fragment_assembly	fragment_assembly	0.439	A fragment assembly is a genome assembly that orders overlapping fragments of the genome based on landmark sequences. The base pair distance between the landmarks is known allowing additivity of lengths.
variants contact matrix	DataType	contact_matrix		1	embedding	SO:0001037	mobile_genetic_element	mobile_genetic_element	0.424	A nucleotide region with either intra-genome or intracellular mobility, of varying length, which often carry the information necessary for transfer and recombination with the host genome.
variants contact matrix	DataType	contact_matrix		2	embedding	SO:0001039	integrated_mobile_genetic_element	integrated_mobile_genetic_element	0.414	An MGE that is integrated into the host chromosome.
variants contact matrix	DataType	contact_matrix		3	embedding	SO:0001763	variant_frequency	variant_frequency	0.411	A physical quality which inheres to the variant by virtue of the number instances of the variant within a population.
variants contact matrix	DataType	contact_matrix		4	embedding	SO:0001506	variant_genome	variant_genome	0.387	A collection of sequences (often chromosomes) of an individual.
variants contact matrix	DataType	contact_matrix		5	embedding	SO:0001249	fragment_assembly	fragment_assembly	0.383	A fragment assembly is a genome assembly that orders overlapping fragments of the genome based on landmark sequences. The base pair distance between the landmarks is known allowing additivity of lengths.
enhancer prediction model	DataType	regulatory_element		1	embedding	SO:0000166	enhancer_bound_by_factor	enhancer_bound_by_factor	0.482	An enhancer bound by a factor.
enhancer prediction model	DataType	regulatory_element		2	embedding	SO:0002190	enhancer_blocking_element	enhancer_blocking_element	0.470	A transcriptional cis regulatory region that when located between an enhancer and a gene's promoter prevents the enhancer from modulating the expression of the gene. Sometimes referred to as an insulator but may not include the barrier function of an insulator.
enhancer prediction model	DataType	regulatory_element		3	embedding	SO:0001479	enhancer_trap_construct	enhancer_trap_construct	0.463	An enhancer trap construct is a type of engineered plasmid which is designed to integrate into a genome and express a reporter when the expression from a basic minimal promoter is enhanced by genomic enhancer elements. Enhancer traps contain promoter elements and are not usually mutagenic.
enhancer prediction model	DataType	regulatory_element		4	embedding	SO:0000165	enhancer	enhancer	0.443	A cis-acting sequence that increases the utilization of (some) eukaryotic promoters, and can function in either orientation and in any location (upstream or downstream) relative to the promoter.
enhancer prediction model	DataType	regulatory_element		5	embedding	SO:0000683	exonic_splice_enhancer	exonic_splice_enhancer	0.439	Exonic splicing enhancers (ESEs) facilitate exon definition by assisting in the recruitment of splicing factors to the adjacent intron.
regulatory elements prediction model	DataType	regulatory_element		1	embedding	SO:0001678	regulatory_promoter_element	regulatory_promoter_element	0.442	A promoter element that is not part of the core promoter, but provides the promoter with a specific regulatory region.
regulatory elements prediction model	DataType	regulatory_element		2	embedding	SO:0002382	range_extender_element	range_extender_element	0.442	A conserved cis-acting element that confers extreme-distance regulatory activity to an enhancer.
regulatory elements prediction model	DataType	regulatory_element		3	embedding	SO:0000727	cis_regulatory_module	cis_regulatory_module	0.441	A regulatory region where transcription factor binding sites are clustered to regulate various aspects of transcription activities. (CRMs can be located a few kb to hundreds of kb upstream of the core promoter, in the coding sequence, within introns, or in the untranslated regions (UTR) sequences, a
regulatory elements prediction model	DataType	regulatory_element		4	embedding	SO:0002190	enhancer_blocking_element	enhancer_blocking_element	0.434	A transcriptional cis regulatory region that when located between an enhancer and a gene's promoter prevents the enhancer from modulating the expression of the gene. Sometimes referred to as an insulator but may not include the barrier function of an insulator.
regulatory elements prediction model	DataType	regulatory_element		5	embedding	SO:0001566	regulatory_region_variant	regulatory_region_variant	0.427	A sequence variant located within a regulatory region.
element barcode mapping	DataType	crispr_screen		1	embedding	SO:0002023	multiplexing_sequence_identifier	multiplexing_sequence_identifier	0.460	A nucleic tag which is used in a ligation step of library preparation process to allow pooling of samples while maintaining ability to identify individual source material and creation of a multiplexed library.
element barcode mapping	DataType	crispr_screen		2	embedding	SO:0000999	BAC_end	BAC_end	0.444	A region of sequence from the end of a BAC clone that may provide a highly specific marker.
element barcode mapping	DataType	crispr_screen		3	embedding	SO:0000040	genomic_clone	genomic_clone	0.419	A clone of a DNA region of a genome.
element barcode mapping	DataType	crispr_screen		4	embedding	SO:0002069	LINE1_deletion	LINE1_deletion	0.419	A deletion of a LINE1 mobile element with respect to a reference.
element barcode mapping	DataType	crispr_screen		5	embedding	SO:0002020	boundary_element	boundary_element	0.413	Boundary elements are DNA motifs that prevent heterochromatin from spreading into neighboring euchromatic regions.
gRNAs	DataType	crispr_screen	SO:0001998	1	lexical	SO:0000602	guide_RNA	gRNA	0.511	A short 3'-uridylated RNA that can form a duplex (except for its post-transcriptionally added oligo_U tail (SO:0000609)) with a stretch of mature edited mRNA.
gRNAs	DataType	crispr_screen	SO:0001998	2	lexical	SO:0001998	sgRNA	gRNA	0.773	A small RNA oligo, typically about 20 bases, that guides the cas nuclease to a target DNA sequence in the CRISPR/cas mutagenesis method.
gRNAs	DataType	crispr_screen	SO:0001998	3	embedding	SO:0001264	gRNA_gene	gRNA_gene	0.657	A noncoding RNA that guides the insertion or deletion of uridine residues in mitochondrial mRNAs. This may also refer to synthetic RNAs used to guide DNA editing using the CRIPSR/Cas9 system.
gRNAs	DataType	crispr_screen	SO:0001998	4	embedding	SO:0000930	guide_RNA_region	guide_RNA_region	0.536	A region of guide RNA.
gRNAs	DataType	crispr_screen	SO:0001998	5	embedding	SO:0000337	RNAi_reagent	RNAi_reagent	0.520	A double stranded RNA duplex, at least 20bp long, used experimentally to inhibit gene function by RNA interference.
gRNAs	DataType	crispr_screen	SO:0001998	6	embedding	SO:0000033	RNA_aptamer	RNA_aptamer	0.500	RNA molecules that have been selected from random pools based on their ability to bind other molecules.
gRNAs	DataType	crispr_screen	SO:0001998	7	embedding	SO:0000979	gRNA_encoding	gRNA_encoding	0.492	A non-protein_coding gene that encodes a guide_RNA.
guide locations	DataType	crispr_screen		1	embedding	SO:0000930	guide_RNA_region	guide_RNA_region	0.671	A region of guide RNA.
guide locations	DataType	crispr_screen		2	embedding	SO:0001998	sgRNA	sgRNA	0.591	A small RNA oligo, typically about 20 bases, that guides the cas nuclease to a target DNA sequence in the CRISPR/cas mutagenesis method.
guide locations	DataType	crispr_screen		3	embedding	SO:0000978	template_region	template_region	0.544	A region of a guide_RNA that specifies the insertions and deletions of bases in the editing of a target mRNA.
guide locations	DataType	crispr_screen		4	embedding	SO:0000931	anchor_region	anchor_region	0.533	A region of a guide_RNA that base-pairs to a target mRNA.
guide locations	DataType	crispr_screen		5	embedding	SO:0001264	gRNA_gene	gRNA_gene	0.522	A noncoding RNA that guides the insertion or deletion of uridine residues in mitochondrial mRNAs. This may also refer to synthetic RNAs used to guide DNA editing using the CRIPSR/Cas9 system.
guide quantifications	DataType	crispr_screen		1	embedding	SO:0000033	RNA_aptamer	RNA_aptamer	0.450	RNA molecules that have been selected from random pools based on their ability to bind other molecules.
guide quantifications	DataType	crispr_screen		2	embedding	SO:0000326	SAGE_tag	SAGE_tag	0.446	A short diagnostic sequence tag, serial analysis of gene expression (SAGE), that allows the quantitative and simultaneous analysis of a large number of transcripts.
guide quantifications	DataType	crispr_screen		3	embedding	SO:0000930	guide_RNA_region	guide_RNA_region	0.442	A region of guide RNA.
guide quantifications	DataType	crispr_screen		4	embedding	SO:0001998	sgRNA	sgRNA	0.430	A small RNA oligo, typically about 20 bases, that guides the cas nuclease to a target DNA sequence in the CRISPR/cas mutagenesis method.
guide quantifications	DataType	crispr_screen		5	embedding	SO:0000031	aptamer	aptamer	0.390	DNA or RNA molecules that have been selected from random pools based on their ability to bind other molecules.
non-targeting gRNAs	DataType	crispr_screen		1	lexical-suffix	SO:0000602	guide_RNA	gRNA	0.567	A short 3'-uridylated RNA that can form a duplex (except for its post-transcriptionally added oligo_U tail (SO:0000609)) with a stretch of mature edited mRNA.
non-targeting gRNAs	DataType	crispr_screen		2	lexical-suffix	SO:0001998	sgRNA	gRNA	0.649	A small RNA oligo, typically about 20 bases, that guides the cas nuclease to a target DNA sequence in the CRISPR/cas mutagenesis method.
non-targeting gRNAs	DataType	crispr_screen		3	embedding	SO:0001264	gRNA_gene	gRNA_gene	0.633	A noncoding RNA that guides the insertion or deletion of uridine residues in mitochondrial mRNAs. This may also refer to synthetic RNAs used to guide DNA editing using the CRIPSR/Cas9 system.
non-targeting gRNAs	DataType	crispr_screen		4	embedding	SO:0000979	gRNA_encoding	gRNA_encoding	0.530	A non-protein_coding gene that encodes a guide_RNA.
non-targeting gRNAs	DataType	crispr_screen		5	embedding	SO:0000370	small_regulatory_ncRNA	small_regulatory_ncRNA	0.527	A non-coding RNA less than 200 nucleotides long, usually with a specific secondary structure, that acts to regulate gene expression. These include short ncRNAs such as piRNA, miRNA and siRNAs (among others).
non-targeting gRNAs	DataType	crispr_screen		6	embedding	SO:0000337	RNAi_reagent	RNAi_reagent	0.524	A double stranded RNA duplex, at least 20bp long, used experimentally to inhibit gene function by RNA interference.
non-targeting gRNAs	DataType	crispr_screen		7	embedding	SO:0001800	tasiRNA	tasiRNA	0.517	The sequence of a 21 nucleotide double stranded, polyadenylated non coding RNA, transcribed from the TAS gene.
perturbation signal	DataType	crispr_screen		1	lexical-suffix	SO:0000418	signal_peptide	signal	0.131	The signal_peptide is a short region of the peptide located at the N-terminus that directs the protein to be secreted or part of membrane components.
perturbation signal	DataType	crispr_screen		2	lexical-suffix	SO:0000725	transit_peptide	signal	0.101	The transit_peptide is a short region at the N-terminus of the peptide that directs the protein to an organelle (chloroplast, mitochondrion, microbody or cyanelle).
perturbation signal	DataType	crispr_screen		3	embedding	SO:0001645	genetic_marker	genetic_marker	0.321	A measurable sequence feature that varies within a population.
perturbation signal	DataType	crispr_screen		4	embedding	SO:0001685	score	score	0.291	The score of an experimentally derived feature such as a p-value.
perturbation signal	DataType	crispr_screen		5	embedding	SO:0000881	recoded	recoded	0.288	An attribute describing an mRNA sequence that has been reprogrammed at translation, causing localized alterations.
perturbation signal	DataType	crispr_screen		6	embedding	SO:0000124	transcriptionally_constitutive	transcriptionally_constitutive	0.288	Expressed in relatively constant amounts without regard to cellular environmental conditions such as the concentration of a particular substrate.
perturbation signal	DataType	crispr_screen		7	embedding	SO:0000119	regulated	regulated	0.288	An attribute to describe a sequence that is regulated.
ranked gRNAs	DataType	crispr_screen		1	lexical-suffix	SO:0000602	guide_RNA	gRNA	0.361	A short 3'-uridylated RNA that can form a duplex (except for its post-transcriptionally added oligo_U tail (SO:0000609)) with a stretch of mature edited mRNA.
ranked gRNAs	DataType	crispr_screen		2	lexical-suffix	SO:0001998	sgRNA	gRNA	0.509	A small RNA oligo, typically about 20 bases, that guides the cas nuclease to a target DNA sequence in the CRISPR/cas mutagenesis method.
ranked gRNAs	DataType	crispr_screen		3	embedding	SO:0000033	RNA_aptamer	RNA_aptamer	0.492	RNA molecules that have been selected from random pools based on their ability to bind other molecules.
ranked gRNAs	DataType	crispr_screen		4	embedding	SO:0000031	aptamer	aptamer	0.470	DNA or RNA molecules that have been selected from random pools based on their ability to bind other molecules.
ranked gRNAs	DataType	crispr_screen		5	embedding	SO:0001264	gRNA_gene	gRNA_gene	0.464	A noncoding RNA that guides the insertion or deletion of uridine residues in mitochondrial mRNAs. This may also refer to synthetic RNAs used to guide DNA editing using the CRIPSR/Cas9 system.
ranked gRNAs	DataType	crispr_screen		6	embedding	SO:0000930	guide_RNA_region	guide_RNA_region	0.435	A region of guide RNA.
ranked gRNAs	DataType	crispr_screen		7	embedding	SO:0000337	RNAi_reagent	RNAi_reagent	0.422	A double stranded RNA duplex, at least 20bp long, used experimentally to inhibit gene function by RNA interference.
reporter code counts	DataType	crispr_screen		1	embedding	SO:0001917	CAGE_cluster	CAGE_cluster	0.399	A kind of transcription_initiation_cluster defined by the clustering of CAGE tags on a sequence region.
reporter code counts	DataType	crispr_screen		2	embedding	SO:0001916	CAGE_tag	CAGE_tag	0.374	A CAGE tag is a sequence tag hat corresponds to 5' ends of mRNA at cap sites, produced by cap analysis gene expression and used to identify transcriptional start sites.
reporter code counts	DataType	crispr_screen		3	embedding	SO:0000326	SAGE_tag	SAGE_tag	0.343	A short diagnostic sequence tag, serial analysis of gene expression (SAGE), that allows the quantitative and simultaneous analysis of a large number of transcripts.
reporter code counts	DataType	crispr_screen		4	embedding	SO:0001912	copy_number_decrease	copy_number_decrease	0.326	A sequence variant where copies of a feature are decreased relative to the reference.
reporter code counts	DataType	crispr_screen		5	embedding	SO:0001911	copy_number_increase	copy_number_increase	0.325	A sequence variant where copies of a feature are increased relative to the reference.
safe-targeting gRNAs	DataType	crispr_screen		1	lexical-suffix	SO:0000602	guide_RNA	gRNA	0.391	A short 3'-uridylated RNA that can form a duplex (except for its post-transcriptionally added oligo_U tail (SO:0000609)) with a stretch of mature edited mRNA.
safe-targeting gRNAs	DataType	crispr_screen		2	lexical-suffix	SO:0001998	sgRNA	gRNA	0.587	A small RNA oligo, typically about 20 bases, that guides the cas nuclease to a target DNA sequence in the CRISPR/cas mutagenesis method.
safe-targeting gRNAs	DataType	crispr_screen		3	embedding	SO:0001264	gRNA_gene	gRNA_gene	0.582	A noncoding RNA that guides the insertion or deletion of uridine residues in mitochondrial mRNAs. This may also refer to synthetic RNAs used to guide DNA editing using the CRIPSR/Cas9 system.
safe-targeting gRNAs	DataType	crispr_screen		4	embedding	SO:0000979	gRNA_encoding	gRNA_encoding	0.464	A non-protein_coding gene that encodes a guide_RNA.
safe-targeting gRNAs	DataType	crispr_screen		5	embedding	SO:0000930	guide_RNA_region	guide_RNA_region	0.460	A region of guide RNA.
safe-targeting gRNAs	DataType	crispr_screen		6	embedding	SO:0001016	internal_guide_sequence	internal_guide_sequence	0.441	A purine-rich sequence in the group I introns which determines the locations of the splice sites in group I intron splicing and has catalytic activity.
safe-targeting gRNAs	DataType	crispr_screen		7	embedding	SO:0001644	targeting_vector	targeting_vector	0.421	An engineered vector that is able to take part in homologous recombination in a host with the intent of introducing site specific genomic modifications.
sparse gRNA count matrix	DataType	crispr_screen	edam:data_3917	1	embedding	SO:0001264	gRNA_gene	gRNA_gene	0.393	A noncoding RNA that guides the insertion or deletion of uridine residues in mitochondrial mRNAs. This may also refer to synthetic RNAs used to guide DNA editing using the CRIPSR/Cas9 system.
sparse gRNA count matrix	DataType	crispr_screen	edam:data_3917	2	embedding	SO:0001004	low_complexity	low_complexity	0.380	When a sequence does not contain an equal distribution of all four possible nucleotide bases or does not contain all nucleotide bases.
sparse gRNA count matrix	DataType	crispr_screen	edam:data_3917	3	embedding	SO:0001998	sgRNA	sgRNA	0.370	A small RNA oligo, typically about 20 bases, that guides the cas nuclease to a target DNA sequence in the CRISPR/cas mutagenesis method.
sparse gRNA count matrix	DataType	crispr_screen	edam:data_3917	4	embedding	SO:0000602	guide_RNA	guide_RNA	0.366	A short 3'-uridylated RNA that can form a duplex (except for its post-transcriptionally added oligo_U tail (SO:0000609)) with a stretch of mature edited mRNA.
sparse gRNA count matrix	DataType	crispr_screen	edam:data_3917	5	embedding	SO:0001912	copy_number_decrease	copy_number_decrease	0.366	A sequence variant where copies of a feature are decreased relative to the reference.
fold over change matrix	DataType	count_matrix		1	embedding	SO:0001911	copy_number_increase	copy_number_increase	0.517	A sequence variant where copies of a feature are increased relative to the reference.
fold over change matrix	DataType	count_matrix		2	embedding	SO:0001912	copy_number_decrease	copy_number_decrease	0.496	A sequence variant where copies of a feature are decreased relative to the reference.
fold over change matrix	DataType	count_matrix		3	embedding	SO:0001563	copy_number_change	copy_number_change	0.480	A sequence variant where copies of a feature (CNV) are either increased or decreased.
fold over change matrix	DataType	count_matrix		4	embedding	SO:0001742	copy_number_gain	copy_number_gain	0.413	A sequence alteration whereby the copy number of a given regions is greater than the reference sequence.
fold over change matrix	DataType	count_matrix		5	embedding	SO:0002314	altered_gene_product_level	altered_gene_product_level	0.413	A sequence variant that alters the level or amount of gene product produced. This high level term can be applied where the direction of level change (increased vs decreased gene product level) is unknown or not confirmed.
sparse gene count matrix	DataType	count_matrix	edam:data_3917	1	embedding	SO:0000326	SAGE_tag	SAGE_tag	0.409	A short diagnostic sequence tag, serial analysis of gene expression (SAGE), that allows the quantitative and simultaneous analysis of a large number of transcripts.
sparse gene count matrix	DataType	count_matrix	edam:data_3917	2	embedding	SO:0000345	EST	EST	0.375	A tag produced from a single sequencing read from a cDNA clone or PCR product; typically a few hundred base pairs long.
sparse gene count matrix	DataType	count_matrix	edam:data_3917	3	embedding	SO:0001542	increased_transcript_level_variant	increased_transcript_level_variant	0.368	A sequence variant that increases the level of mature, spliced and processed RNA with respect to a reference sequence.
sparse gene count matrix	DataType	count_matrix	edam:data_3917	4	embedding	SO:0001912	copy_number_decrease	copy_number_decrease	0.362	A sequence variant where copies of a feature are decreased relative to the reference.
sparse gene count matrix	DataType	count_matrix	edam:data_3917	5	embedding	SO:0000150	read	read	0.362	A sequence obtained from a single sequencing experiment. Typically a read is produced when a base calling program interprets information from a chromatogram trace file produced from a sequencing machine.
sparse peak count matrix	DataType	count_matrix		1	embedding	SO:0001697	ChIP_seq_region	ChIP_seq_region	0.406	A region of sequence identified by CHiP seq technology to contain a protein binding site.
sparse peak count matrix	DataType	count_matrix		2	embedding	SO:0000685	DNaseI_hypersensitive_site	DNaseI_hypersensitive_site	0.388	DNA region representing open chromatin structure that is hypersensitive to digestion by DNase I.
sparse peak count matrix	DataType	count_matrix		3	embedding	SO:0000326	SAGE_tag	SAGE_tag	0.320	A short diagnostic sequence tag, serial analysis of gene expression (SAGE), that allows the quantitative and simultaneous analysis of a large number of transcripts.
sparse peak count matrix	DataType	count_matrix		4	embedding	SO:0002351	rare_fragile_site	rare_fragile_site	0.315	A fragile site found in the chromosomes of less than five percent of the human population.
sparse peak count matrix	DataType	count_matrix		5	embedding	SO:0001911	copy_number_increase	copy_number_increase	0.308	A sequence variant where copies of a feature are increased relative to the reference.
sparse transcript count matrix	DataType	count_matrix		1	embedding	SO:0000326	SAGE_tag	SAGE_tag	0.408	A short diagnostic sequence tag, serial analysis of gene expression (SAGE), that allows the quantitative and simultaneous analysis of a large number of transcripts.
sparse transcript count matrix	DataType	count_matrix		2	embedding	SO:0001542	increased_transcript_level_variant	increased_transcript_level_variant	0.395	A sequence variant that increases the level of mature, spliced and processed RNA with respect to a reference sequence.
sparse transcript count matrix	DataType	count_matrix		3	embedding	SO:0001541	decreased_transcript_level_variant	decreased_transcript_level_variant	0.390	A sequence variant that decreases the level of mature, spliced and processed RNA with respect to a reference sequence.
sparse transcript count matrix	DataType	count_matrix		4	embedding	SO:0001912	copy_number_decrease	copy_number_decrease	0.389	A sequence variant where copies of a feature are decreased relative to the reference.
sparse transcript count matrix	DataType	count_matrix		5	embedding	SO:0001540	level_of_transcript_variant	level_of_transcript_variant	0.376	A sequence variant which alters the level of a transcript.
TF peaks matrix	DataType	count_matrix		1	embedding	SO:0002297	TFRS_collection	TFRS_collection	0.479	The possible discontinous stretch of DNA that encompass all the TFRSs that regulate a promoter.
TF peaks matrix	DataType	count_matrix		2	embedding	SO:0001697	ChIP_seq_region	ChIP_seq_region	0.477	A region of sequence identified by CHiP seq technology to contain a protein binding site.
TF peaks matrix	DataType	count_matrix		3	embedding	SO:0001888	TFBS_fusion	TFBS_fusion	0.454	A fusion where the deletion brings together transcription factor binding sites.
TF peaks matrix	DataType	count_matrix		4	embedding	SO:0000235	TF_binding_site	TF_binding_site	0.442	A DNA site where a transcription factor binds.
TF peaks matrix	DataType	count_matrix		5	embedding	SO:0002296	TFRS_module	TFRS_module	0.441	The possible discontinuous stretch of DNA that is the combination of one or several TFRSs whose bound TFs work jointly in the regulation of a promoter. 
z scores matrix	DataType	count_matrix		1	embedding	SO:0001685	score	score	0.473	The score of an experimentally derived feature such as a p-value.
z scores matrix	DataType	count_matrix		2	embedding	SO:0001912	copy_number_decrease	copy_number_decrease	0.308	A sequence variant where copies of a feature are decreased relative to the reference.
z scores matrix	DataType	count_matrix		3	embedding	SO:0001911	copy_number_increase	copy_number_increase	0.277	A sequence variant where copies of a feature are increased relative to the reference.
z scores matrix	DataType	count_matrix		4	embedding	SO:0001261	overlapping_feature_set	overlapping_feature_set	0.267	A continuous region of sequence composed of the overlapping of multiple sequence_features, which ultimately provides evidence for another sequence_feature.
z scores matrix	DataType	count_matrix		5	embedding	SO:0001931	consensus_gDNA	consensus_gDNA	0.264	Genomic DNA sequence produced from some base calling or alignment algorithm which uses aligned or assembled multiple gDNA sequences as input.
differential expression quantifications	DataType	quantification		1	embedding	SO:0000326	SAGE_tag	SAGE_tag	0.424	A short diagnostic sequence tag, serial analysis of gene expression (SAGE), that allows the quantitative and simultaneous analysis of a large number of transcripts.
differential expression quantifications	DataType	quantification		2	embedding	SO:0002314	altered_gene_product_level	altered_gene_product_level	0.385	A sequence variant that alters the level or amount of gene product produced. This high level term can be applied where the direction of level change (increased vs decreased gene product level) is unknown or not confirmed.
differential expression quantifications	DataType	quantification		3	embedding	SO:0001547	decreased_transcript_stability_variant	decreased_transcript_stability_variant	0.370	A sequence variant that decreases transcript stability with respect to a reference sequence.
differential expression quantifications	DataType	quantification		4	embedding	SO:0001541	decreased_transcript_level_variant	decreased_transcript_level_variant	0.368	A sequence variant that decreases the level of mature, spliced and processed RNA with respect to a reference sequence.
differential expression quantifications	DataType	quantification		5	embedding	SO:0001548	increased_transcript_stability_variant	increased_transcript_stability_variant	0.347	A sequence variant that increases transcript stability with respect to a reference sequence.
differential splicing quantifications	DataType	quantification		1	embedding	SO:0001541	decreased_transcript_level_variant	decreased_transcript_level_variant	0.451	A sequence variant that decreases the level of mature, spliced and processed RNA with respect to a reference sequence.
differential splicing quantifications	DataType	quantification		2	embedding	SO:0001547	decreased_transcript_stability_variant	decreased_transcript_stability_variant	0.451	A sequence variant that decreases transcript stability with respect to a reference sequence.
differential splicing quantifications	DataType	quantification		3	embedding	SO:0001542	increased_transcript_level_variant	increased_transcript_level_variant	0.447	A sequence variant that increases the level of mature, spliced and processed RNA with respect to a reference sequence.
differential splicing quantifications	DataType	quantification		4	embedding	SO:0001548	increased_transcript_stability_variant	increased_transcript_stability_variant	0.437	A sequence variant that increases transcript stability with respect to a reference sequence.
differential splicing quantifications	DataType	quantification		5	embedding	SO:0000326	SAGE_tag	SAGE_tag	0.434	A short diagnostic sequence tag, serial analysis of gene expression (SAGE), that allows the quantitative and simultaneous analysis of a large number of transcripts.
element quantifications	DataType	quantification		1	embedding	SO:0000626	chromosomal_regulatory_element	chromosomal_regulatory_element	0.422	Regions of the chromosome that are important for regulating binding of chromosomes to the nuclear matrix.
element quantifications	DataType	quantification		2	embedding	SO:0000628	chromosomal_structural_element	chromosomal_structural_element	0.354	Regions of the chromosome that are important for structural elements.
element quantifications	DataType	quantification		3	embedding	SO:0002297	TFRS_collection	TFRS_collection	0.354	The possible discontinous stretch of DNA that encompass all the TFRSs that regulate a promoter.
element quantifications	DataType	quantification		4	embedding	SO:0002303	complex_regulon	complex_regulon	0.345	A regulon defined by considering the units of expression regulated by a specified set of regulatory gene products.
element quantifications	DataType	quantification		5	embedding	SO:0002205	response_element	response_element	0.340	A regulatory element that acts in response to a stimulus, usually via transcription factor binding.
exon quantifications	DataType	quantification		1	embedding	SO:0001542	increased_transcript_level_variant	increased_transcript_level_variant	0.512	A sequence variant that increases the level of mature, spliced and processed RNA with respect to a reference sequence.
exon quantifications	DataType	quantification		2	embedding	SO:0001541	decreased_transcript_level_variant	decreased_transcript_level_variant	0.492	A sequence variant that decreases the level of mature, spliced and processed RNA with respect to a reference sequence.
exon quantifications	DataType	quantification		3	embedding	SO:0001911	copy_number_increase	copy_number_increase	0.484	A sequence variant where copies of a feature are increased relative to the reference.
exon quantifications	DataType	quantification		4	embedding	SO:0001912	copy_number_decrease	copy_number_decrease	0.483	A sequence variant where copies of a feature are decreased relative to the reference.
exon quantifications	DataType	quantification		5	embedding	SO:0001540	level_of_transcript_variant	level_of_transcript_variant	0.462	A sequence variant which alters the level of a transcript.
gene quantifications	DataType	quantification		1	embedding	SO:0002300	unit_of_gene_expression	unit_of_gene_expression	0.512	Transcription units or transcribed coding sequences.
gene quantifications	DataType	quantification		2	embedding	SO:0001541	decreased_transcript_level_variant	decreased_transcript_level_variant	0.505	A sequence variant that decreases the level of mature, spliced and processed RNA with respect to a reference sequence.
gene quantifications	DataType	quantification		3	embedding	SO:0001542	increased_transcript_level_variant	increased_transcript_level_variant	0.484	A sequence variant that increases the level of mature, spliced and processed RNA with respect to a reference sequence.
gene quantifications	DataType	quantification		4	embedding	SO:0000326	SAGE_tag	SAGE_tag	0.453	A short diagnostic sequence tag, serial analysis of gene expression (SAGE), that allows the quantitative and simultaneous analysis of a large number of transcripts.
gene quantifications	DataType	quantification		5	embedding	SO:0002316	decreased_gene_product_level	decreased_gene_product_level	0.447	A sequence variant that decreases the level or amount of gene product produced.
gene stabilities	DataType	quantification	edam:data_0928	1	embedding	SO:0001548	increased_transcript_stability_variant	increased_transcript_stability_variant	0.505	A sequence variant that increases transcript stability with respect to a reference sequence.
gene stabilities	DataType	quantification	edam:data_0928	2	embedding	SO:0001547	decreased_transcript_stability_variant	decreased_transcript_stability_variant	0.504	A sequence variant that decreases transcript stability with respect to a reference sequence.
gene stabilities	DataType	quantification	edam:data_0928	3	embedding	SO:0001546	transcript_stability_variant	transcript_stability_variant	0.499	A variant that changes the stability of a transcript with respect to a reference sequence.
gene stabilities	DataType	quantification	edam:data_0928	4	embedding	SO:0002300	unit_of_gene_expression	unit_of_gene_expression	0.443	Transcription units or transcribed coding sequences.
gene stabilities	DataType	quantification	edam:data_0928	5	embedding	SO:0000124	transcriptionally_constitutive	transcriptionally_constitutive	0.433	Expressed in relatively constant amounts without regard to cellular environmental conditions such as the concentration of a particular substrate.
genic features quantifications	DataType	quantification	edam:data_0928	1	embedding	SO:0002153	genic_upstream_transcript_variant	genic_upstream_transcript_variant	0.499	A variant that falls upstream of a transcript, but within the genic region of the gene due to alternately transcribed isoforms.
genic features quantifications	DataType	quantification	edam:data_0928	2	embedding	SO:0002152	genic_downstream_transcript_variant	genic_downstream_transcript_variant	0.476	A variant that falls downstream of a transcript, but within the genic region of the gene due to alternately transcribed isoforms.
genic features quantifications	DataType	quantification	edam:data_0928	3	embedding	SO:0001214	noncoding_region_of_exon	noncoding_region_of_exon	0.460	The maximal intersection of exon and UTR.
genic features quantifications	DataType	quantification	edam:data_0928	4	embedding	SO:0000704	gene	gene	0.455	A region (or regions) that includes all of the sequence elements necessary to encode a functional transcript. A gene may include regulatory regions, transcribed regions and/or other functional sequence regions.
genic features quantifications	DataType	quantification	edam:data_0928	5	embedding	SO:0000320	intronic_splice_enhancer	intronic_splice_enhancer	0.439	Sequences within the intron that modulate splice site selection for some introns.
genic regions quantifications	DataType	quantification	edam:data_0928	1	embedding	SO:0000605	intergenic_region	intergenic_region	0.447	A region containing or overlapping no genes that is bounded on either side by a gene, or bounded by a gene and the end of the chromosome.
genic regions quantifications	DataType	quantification	edam:data_0928	2	embedding	SO:0000833	transcript_region	transcript_region	0.438	A region of a transcript.
genic regions quantifications	DataType	quantification	edam:data_0928	3	embedding	SO:0001214	noncoding_region_of_exon	noncoding_region_of_exon	0.436	The maximal intersection of exon and UTR.
genic regions quantifications	DataType	quantification	edam:data_0928	4	embedding	SO:0002301	transcription_unit	transcription_unit	0.436	DNA regions delimited by different nonspurious TSS-TTS pairs.
genic regions quantifications	DataType	quantification	edam:data_0928	5	embedding	SO:0001416	five_prime_flanking_region	five_prime_flanking_region	0.428	A flanking region located five prime of a specific region.
merged transcription segment quantifications	DataType	quantification	edam:data_0928	1	embedding	SO:0002301	transcription_unit	transcription_unit	0.499	DNA regions delimited by different nonspurious TSS-TTS pairs.
merged transcription segment quantifications	DataType	quantification	edam:data_0928	2	embedding	SO:0001886	transcript_fusion	transcript_fusion	0.456	A feature fusion where the deletion brings together transcript regions.
merged transcription segment quantifications	DataType	quantification	edam:data_0928	3	embedding	SO:0001915	transcription_start_cluster	transcription_start_cluster	0.452	A region defined by a cluster of experimentally determined transcription starting sites.
merged transcription segment quantifications	DataType	quantification	edam:data_0928	4	embedding	SO:0001457	transcribed_cluster	transcribed_cluster	0.431	A region defined by a set of transcribed sequences from the same gene or expressed pseudogene.
merged transcription segment quantifications	DataType	quantification	edam:data_0928	5	embedding	SO:0001262	overlapping_EST_set	overlapping_EST_set	0.431	A continous experimental result region extending the length of multiple overlapping EST's.
microRNA quantifications	DataType	quantification		1	embedding	SO:0000276	miRNA	miRNA	0.486	Small, ~22-nt, RNA molecule that is the endogenous transcript of a miRNA gene (or the product of other non coding RNA genes). Micro RNAs are produced from precursor molecules (SO:0001244) that can form local hairpin structures, which ordinarily are processed (usually via the Dicer pathway) such that
microRNA quantifications	DataType	quantification		2	embedding	SO:0000647	miRNA_primary_transcript	miRNA_primary_transcript	0.424	A primary transcript encoding a micro RNA.
microRNA quantifications	DataType	quantification		3	embedding	SO:0002039	miR_encoding_shRNA_primary_transcript	miR_encoding_shRNA_primary_transcript	0.424	A shRNA primary transcript that also encodes pre-miR sequence that is processed to form functionally active miRNA.
microRNA quantifications	DataType	quantification		4	embedding	SO:0000370	small_regulatory_ncRNA	small_regulatory_ncRNA	0.418	A non-coding RNA less than 200 nucleotides long, usually with a specific secondary structure, that acts to regulate gene expression. These include short ncRNAs such as piRNA, miRNA and siRNAs (among others).
microRNA quantifications	DataType	quantification		5	embedding	SO:0001265	miRNA_gene	miRNA_gene	0.413	A small noncoding RNA of approximately 22 nucleotides in length which may be involved in regulation of gene expression.
mRNA stabilities	DataType	quantification	edam:data_0928	1	embedding	SO:0000233	mature_transcript	mature_transcript	0.438	A transcript which has undergone the necessary modifications, if any, for its function. In eukaryotes this includes, for example, processing of introns, cleavage, base modification, and modifications to the 5' and/or the 3' ends, other than addition of bases. In bacteria functional mRNAs are usually
mRNA stabilities	DataType	quantification	edam:data_0928	2	embedding	SO:0000636	spliced_leader_RNA	spliced_leader_RNA	0.422	Snall nuclear RNAs that are incorporated into the pre-mRNAs to replace the 5' end in some eukaryotes.
mRNA stabilities	DataType	quantification	edam:data_0928	3	embedding	SO:0000610	polyA_sequence	polyA_sequence	0.416	Sequence of about 100 nucleotides of A added to the 3' end of most eukaryotic mRNAs.
mRNA stabilities	DataType	quantification	edam:data_0928	4	embedding	SO:0000871	polyadenylated_mRNA	polyadenylated_mRNA	0.414	An mRNA that is polyadenylated.
mRNA stabilities	DataType	quantification	edam:data_0928	5	embedding	SO:0000203	UTR	UTR	0.404	Messenger RNA sequences that are untranslated and lie five prime or three prime to sequences which are translated.
novel peptides	DataType	quantification		1	lexical-suffix	SO:0001064	active_peptide	peptide	0.549	Active peptides are proteins which are biologically active, released from a precursor molecule.
novel peptides	DataType	quantification		2	embedding	SO:0001501	peptide_collection	peptide_collection	0.591	A collection of peptide sequences.
novel peptides	DataType	quantification		3	embedding	SO:1001195	encodes_overlapping_peptides	encodes_overlapping_peptides	0.582	A gene that is alternately spliced, and encodes more than one polypeptide, that have overlapping peptide sequences.
novel peptides	DataType	quantification		4	embedding	SO:0000419	mature_protein_region	mature_protein_region	0.559	The polypeptide sequence that remains when the cleaved peptide regions have been cleaved from the immature peptide.
novel peptides	DataType	quantification		5	embedding	SO:0002071	CDS_supported_by_peptide_spectrum_match	CDS_supported_by_peptide_spectrum_match	0.546	A CDS that is supported by proteomics data.
novel peptides	DataType	quantification		6	embedding	SO:1001191	encodes_overlapping_peptides_different_start	encodes_overlapping_peptides_different_start	0.531	A gene that is alternately spliced, and encodes more than one polypeptide, that have overlapping peptide sequences, but use different start codons.
peptide quantifications	DataType	quantification		1	embedding	SO:0001501	peptide_collection	peptide_collection	0.411	A collection of peptide sequences.
peptide quantifications	DataType	quantification		2	embedding	SO:0002071	CDS_supported_by_peptide_spectrum_match	CDS_supported_by_peptide_spectrum_match	0.372	A CDS that is supported by proteomics data.
peptide quantifications	DataType	quantification		3	embedding	SO:0001064	active_peptide	active_peptide	0.345	Active peptides are proteins which are biologically active, released from a precursor molecule.
peptide quantifications	DataType	quantification		4	embedding	SO:1001191	encodes_overlapping_peptides_different_start	encodes_overlapping_peptides_different_start	0.325	A gene that is alternately spliced, and encodes more than one polypeptide, that have overlapping peptide sequences, but use different start codons.
peptide quantifications	DataType	quantification		5	embedding	SO:1001195	encodes_overlapping_peptides	encodes_overlapping_peptides	0.319	A gene that is alternately spliced, and encodes more than one polypeptide, that have overlapping peptide sequences.
protein expression quantifications	DataType	quantification		1	embedding	SO:0000326	SAGE_tag	SAGE_tag	0.385	A short diagnostic sequence tag, serial analysis of gene expression (SAGE), that allows the quantitative and simultaneous analysis of a large number of transcripts.
protein expression quantifications	DataType	quantification		2	embedding	SO:0000467	post_translationally_regulated_by_protein_stability	post_translationally_regulated_by_protein_stability	0.327	An attribute describing a gene sequence where the resulting protein is regulated by the stability of the resulting protein.
protein expression quantifications	DataType	quantification		3	embedding	SO:0002396	decreased_polypeptide_level	decreased_polypeptide_level	0.326	A decrease in polypeptide (i.e. protein) expression, as a consequence of a variant in the gene.
protein expression quantifications	DataType	quantification		4	embedding	SO:0002071	CDS_supported_by_peptide_spectrum_match	CDS_supported_by_peptide_spectrum_match	0.317	A CDS that is supported by proteomics data.
protein expression quantifications	DataType	quantification		5	embedding	SO:0001555	decreased_translational_product_level	decreased_translational_product_level	0.281	A sequence variant which decreases the translational product level with respect to a reference sequence.
scaled RNA stability	DataType	quantification	edam:data_0928	1	embedding	SO:0001547	decreased_transcript_stability_variant	decreased_transcript_stability_variant	0.492	A sequence variant that decreases transcript stability with respect to a reference sequence.
scaled RNA stability	DataType	quantification	edam:data_0928	2	embedding	SO:0001548	increased_transcript_stability_variant	increased_transcript_stability_variant	0.492	A sequence variant that increases transcript stability with respect to a reference sequence.
scaled RNA stability	DataType	quantification	edam:data_0928	3	embedding	SO:0001979	RNA_stability_element	RNA_stability_element	0.484	A motif that affects the stability of RNA.
scaled RNA stability	DataType	quantification	edam:data_0928	4	embedding	SO:0001546	transcript_stability_variant	transcript_stability_variant	0.464	A variant that changes the stability of a transcript with respect to a reference sequence.
scaled RNA stability	DataType	quantification	edam:data_0928	5	embedding	SO:0001542	increased_transcript_level_variant	increased_transcript_level_variant	0.430	A sequence variant that increases the level of mature, spliced and processed RNA with respect to a reference sequence.
transcript quantifications	DataType	quantification		1	embedding	SO:0001541	decreased_transcript_level_variant	decreased_transcript_level_variant	0.647	A sequence variant that decreases the level of mature, spliced and processed RNA with respect to a reference sequence.
transcript quantifications	DataType	quantification		2	embedding	SO:0001542	increased_transcript_level_variant	increased_transcript_level_variant	0.625	A sequence variant that increases the level of mature, spliced and processed RNA with respect to a reference sequence.
transcript quantifications	DataType	quantification		3	embedding	SO:0001540	level_of_transcript_variant	level_of_transcript_variant	0.587	A sequence variant which alters the level of a transcript.
transcript quantifications	DataType	quantification		4	embedding	SO:0001547	decreased_transcript_stability_variant	decreased_transcript_stability_variant	0.534	A sequence variant that decreases transcript stability with respect to a reference sequence.
transcript quantifications	DataType	quantification		5	embedding	SO:0001548	increased_transcript_stability_variant	increased_transcript_stability_variant	0.522	A sequence variant that increases transcript stability with respect to a reference sequence.
transcribed region quantifications	DataType	quantification	edam:data_0928	1	embedding	SO:0002301	transcription_unit	transcription_unit	0.597	DNA regions delimited by different nonspurious TSS-TTS pairs.
transcribed region quantifications	DataType	quantification	edam:data_0928	2	embedding	SO:0001418	transcribed_fragment	transcribed_fragment	0.501	An experimental region, defined by a tiling array experiment to be transcribed at some level.
transcribed region quantifications	DataType	quantification	edam:data_0928	3	embedding	SO:0000833	transcript_region	transcript_region	0.477	A region of a transcript.
transcribed region quantifications	DataType	quantification	edam:data_0928	4	embedding	SO:0000183	non_transcribed_region	non_transcribed_region	0.477	A region of the gene which is not transcribed.
transcribed region quantifications	DataType	quantification	edam:data_0928	5	embedding	SO:0002300	unit_of_gene_expression	unit_of_gene_expression	0.470	Transcription units or transcribed coding sequences.
transcription segment quantifications	DataType	quantification	edam:data_0928	1	embedding	SO:0002301	transcription_unit	transcription_unit	0.512	DNA regions delimited by different nonspurious TSS-TTS pairs.
transcription segment quantifications	DataType	quantification	edam:data_0928	2	embedding	SO:0000326	SAGE_tag	SAGE_tag	0.430	A short diagnostic sequence tag, serial analysis of gene expression (SAGE), that allows the quantitative and simultaneous analysis of a large number of transcripts.
transcription segment quantifications	DataType	quantification	edam:data_0928	3	embedding	SO:0002300	unit_of_gene_expression	unit_of_gene_expression	0.405	Transcription units or transcribed coding sequences.
transcription segment quantifications	DataType	quantification	edam:data_0928	4	embedding	SO:0001418	transcribed_fragment	transcribed_fragment	0.403	An experimental region, defined by a tiling array experiment to be transcribed at some level.
transcription segment quantifications	DataType	quantification	edam:data_0928	5	embedding	SO:0001915	transcription_start_cluster	transcription_start_cluster	0.401	A region defined by a cluster of experimentally determined transcription starting sites.
UV enriched segment quantifications	DataType	quantification	edam:data_0928	1	embedding	SO:0000031	aptamer	aptamer	0.341	DNA or RNA molecules that have been selected from random pools based on their ability to bind other molecules.
UV enriched segment quantifications	DataType	quantification	edam:data_0928	2	embedding	SO:0001412	topologically_defined_region	topologically_defined_region	0.340	A DNA region within which self-interaction occurs more often than expected by chance because of DNA-looping.
UV enriched segment quantifications	DataType	quantification	edam:data_0928	3	embedding	SO:0000033	RNA_aptamer	RNA_aptamer	0.338	RNA molecules that have been selected from random pools based on their ability to bind other molecules.
UV enriched segment quantifications	DataType	quantification	edam:data_0928	4	embedding	SO:0000555	five_prime_clip	five_prime_clip	0.333	5' most region of a precursor transcript that is clipped off during processing.
UV enriched segment quantifications	DataType	quantification	edam:data_0928	5	embedding	SO:0001262	overlapping_EST_set	overlapping_EST_set	0.329	A continous experimental result region extending the length of multiple overlapping EST's.
bias models	DataType	deep_learning		1	embedding	SO:0000993	consensus	consensus	0.452	A sequence produced from an aligment algorithm that uses multiple sequences as input.
bias models	DataType	deep_learning		2	embedding	SO:0001931	consensus_gDNA	consensus_gDNA	0.374	Genomic DNA sequence produced from some base calling or alignment algorithm which uses aligned or assembled multiple gDNA sequences as input.
bias models	DataType	deep_learning		3	embedding	SO:0000343	match	match	0.363	A region of sequence, aligned to another sequence with some statistical significance, using an algorithm such as BLAST or SIM4.
bias models	DataType	deep_learning		4	embedding	SO:1001251	CDS_supported_by_sequence_similarity_data	CDS_supported_by_sequence_similarity_data	0.354	A CDS that is supported by sequence similarity data.
bias models	DataType	deep_learning		5	embedding	SO:1001249	CDS_supported_by_domain_match_data	CDS_supported_by_domain_match_data	0.351	A CDS that is supported by domain similarity.
counts sequence contribution scores	DataType	deep_learning		1	lexical-suffix	SO:0001685	score	score	0.507	The score of an experimentally derived feature such as a p-value.
counts sequence contribution scores	DataType	deep_learning		2	embedding	SO:0001004	low_complexity	low_complexity	0.523	When a sequence does not contain an equal distribution of all four possible nucleotide bases or does not contain all nucleotide bases.
counts sequence contribution scores	DataType	deep_learning		3	embedding	SO:0001912	copy_number_decrease	copy_number_decrease	0.469	A sequence variant where copies of a feature are decreased relative to the reference.
counts sequence contribution scores	DataType	deep_learning		4	embedding	SO:0000993	consensus	consensus	0.454	A sequence produced from an aligment algorithm that uses multiple sequences as input.
counts sequence contribution scores	DataType	deep_learning		5	embedding	SO:0000343	match	match	0.453	A region of sequence, aligned to another sequence with some statistical significance, using an algorithm such as BLAST or SIM4.
counts sequence contribution scores	DataType	deep_learning		6	embedding	SO:0001911	copy_number_increase	copy_number_increase	0.453	A sequence variant where copies of a feature are increased relative to the reference.
DNN-MPRA contribution scores	DataType	deep_learning		1	lexical-suffix	SO:0001685	score	score	0.336	The score of an experimentally derived feature such as a p-value.
DNN-MPRA contribution scores	DataType	deep_learning		2	embedding	SO:0000911	predicted_by_ab_initio_computation	predicted_by_ab_initio_computation	0.330	An attribute describing a feature that is predicted by a computer program that did not rely on sequence similarity.
DNN-MPRA contribution scores	DataType	deep_learning		3	embedding	SO:0000993	consensus	consensus	0.330	A sequence produced from an aligment algorithm that uses multiple sequences as input.
DNN-MPRA contribution scores	DataType	deep_learning		4	embedding	SO:0000714	nucleotide_motif	nucleotide_motif	0.300	A region of nucleotide sequence corresponding to a known motif.
DNN-MPRA contribution scores	DataType	deep_learning		5	embedding	SO:0001168	NDM3_motif	NDM3_motif	0.299	A non directional promoter motif with consensus sequence GAAAGCT.
DNN-MPRA contribution scores	DataType	deep_learning		6	embedding	SO:0001167	NDM2_motif	NDM2_motif	0.290	A non directional promoter motif with consensus CGMYGYCR.
DNN-MPRA predicted signal	DataType	deep_learning		1	lexical-suffix	SO:0000418	signal_peptide	signal	0.294	The signal_peptide is a short region of the peptide located at the N-terminus that directs the protein to be secreted or part of membrane components.
DNN-MPRA predicted signal	DataType	deep_learning		2	lexical-suffix	SO:0000725	transit_peptide	signal	0.190	The transit_peptide is a short region at the N-terminus of the peptide that directs the protein to an organelle (chloroplast, mitochondrion, microbody or cyanelle).
DNN-MPRA predicted signal	DataType	deep_learning		3	embedding	SO:0001167	NDM2_motif	NDM2_motif	0.413	A non directional promoter motif with consensus CGMYGYCR.
DNN-MPRA predicted signal	DataType	deep_learning		4	embedding	SO:1001254	CDS_predicted	CDS_predicted	0.411	A CDS that is predicted.
DNN-MPRA predicted signal	DataType	deep_learning		5	embedding	SO:0001168	NDM3_motif	NDM3_motif	0.397	A non directional promoter motif with consensus sequence GAAAGCT.
DNN-MPRA predicted signal	DataType	deep_learning		6	embedding	SO:0002071	CDS_supported_by_peptide_spectrum_match	CDS_supported_by_peptide_spectrum_match	0.389	A CDS that is supported by proteomics data.
DNN-MPRA predicted signal	DataType	deep_learning		7	embedding	SO:0002213	transcription_termination_signal	transcription_termination_signal	0.387	Termination signal preferentially observed downstream of polyadenylation signal
model performance metrics	DataType	deep_learning		1	embedding	SO:0001686	quality_value	quality_value	0.444	An experimental feature attribute that defines the quality of the feature in a quantitative way, such as a phred quality score.
model performance metrics	DataType	deep_learning		2	embedding	SO:0001685	score	score	0.382	The score of an experimentally derived feature such as a p-value.
model performance metrics	DataType	deep_learning		3	embedding	SO:0001684	experimental_feature_attribute	experimental_feature_attribute	0.373	An attribute of an experimentally derived feature.
model performance metrics	DataType	deep_learning		4	embedding	SO:0000905	status	status	0.313	An attribute describing the status of a feature, based on the available evidence.
model performance metrics	DataType	deep_learning		5	embedding	SO:0000789	validated	validated	0.299	An attribute to describe a feature that has been proven.
models	DataType	deep_learning		1	embedding	SO:0000911	predicted_by_ab_initio_computation	predicted_by_ab_initio_computation	0.439	An attribute describing a feature that is predicted by a computer program that did not rely on sequence similarity.
models	DataType	deep_learning		2	embedding	SO:0000993	consensus	consensus	0.295	A sequence produced from an aligment algorithm that uses multiple sequences as input.
models	DataType	deep_learning		3	embedding	SO:0001685	score	score	0.283	The score of an experimentally derived feature such as a p-value.
models	DataType	deep_learning		4	embedding	SO:0001684	experimental_feature_attribute	experimental_feature_attribute	0.277	An attribute of an experimentally derived feature.
models	DataType	deep_learning		5	embedding	SO:0001831	protein_hmm_match	protein_hmm_match	0.258	A match to a protein HMM such as pfam.
motif model	DataType	deep_learning		1	embedding	SO:0001164	DPE1_motif	DPE1_motif	0.470	A promoter motif with consensus sequence CGGACGT.
motif model	DataType	deep_learning		2	embedding	SO:0000714	nucleotide_motif	nucleotide_motif	0.452	A region of nucleotide sequence corresponding to a known motif.
motif model	DataType	deep_learning		3	embedding	SO:0001163	INR1_motif	INR1_motif	0.444	A promoter motif with consensus sequence TCATTCG.
motif model	DataType	deep_learning		4	embedding	SO:0001165	DMv1_motif	DMv1_motif	0.437	A promoter motif with consensus sequence CARCCCT.
motif model	DataType	deep_learning		5	embedding	SO:0001167	NDM2_motif	NDM2_motif	0.428	A non directional promoter motif with consensus CGMYGYCR.
profile sequence contribution scores	DataType	deep_learning		1	lexical-suffix	SO:0001685	score	score	0.478	The score of an experimentally derived feature such as a p-value.
profile sequence contribution scores	DataType	deep_learning		2	embedding	SO:0000907	supported_by_sequence_similarity	supported_by_sequence_similarity	0.483	An attribute to describe a feature that has been predicted using sequence similarity techniques.
profile sequence contribution scores	DataType	deep_learning		3	embedding	SO:0000001	region	region	0.451	A sequence_feature with an extent greater than zero. A nucleotide region is composed of bases and a polypeptide region is composed of amino acids.
profile sequence contribution scores	DataType	deep_learning		4	embedding	SO:0000343	match	match	0.450	A region of sequence, aligned to another sequence with some statistical significance, using an algorithm such as BLAST or SIM4.
profile sequence contribution scores	DataType	deep_learning		5	embedding	SO:0000993	consensus	consensus	0.438	A sequence produced from an aligment algorithm that uses multiple sequences as input.
profile sequence contribution scores	DataType	deep_learning		6	embedding	SO:1001251	CDS_supported_by_sequence_similarity_data	CDS_supported_by_sequence_similarity_data	0.424	A CDS that is supported by sequence similarity data.
promoter prediction model	DataType	deep_learning		1	embedding	SO:0000911	predicted_by_ab_initio_computation	predicted_by_ab_initio_computation	0.494	An attribute describing a feature that is predicted by a computer program that did not rely on sequence similarity.
promoter prediction model	DataType	deep_learning		2	embedding	SO:1001254	CDS_predicted	CDS_predicted	0.422	A CDS that is predicted.
promoter prediction model	DataType	deep_learning		3	embedding	SO:0002312	core_prokaryotic_promoter_element	core_prokaryotic_promoter_element	0.389	An element that always exists within the promoter region of a prokaryotic gene.
promoter prediction model	DataType	deep_learning		4	embedding	SO:0001164	DPE1_motif	DPE1_motif	0.388	A promoter motif with consensus sequence CGGACGT.
promoter prediction model	DataType	deep_learning		5	embedding	SO:0000167	promoter	promoter	0.386	A regulatory_region composed of the TSS(s) and binding sites for TF_complexes of the core transcription machinery. A region (DNA) to which RNA polymerase binds, to begin transcription.
selected regions for bias-corrected predicted signal profile	DataType	deep_learning		1	embedding	SO:0001880	feature_amplification	feature_amplification	0.408	A sequence variant, caused by an alteration of the genomic sequence, where the structural change, an amplification of sequence, is greater than the extent of the underlying genomic features.
selected regions for bias-corrected predicted signal profile	DataType	deep_learning		2	embedding	SO:0002232	selection_marker	selection_marker	0.394	A genetic feature that encodes a trait used for artificial selection of a subpopulation.
selected regions for bias-corrected predicted signal profile	DataType	deep_learning		3	embedding	SO:0000175	minus_10_signal	minus_10_signal	0.371	A conserved region about 10-bp upstream of the start point of bacterial transcription units which may be involved in binding RNA polymerase; consensus=TAtAaT. This region is associated with sigma factor 70.
selected regions for bias-corrected predicted signal profile	DataType	deep_learning		4	embedding	SO:0001931	consensus_gDNA	consensus_gDNA	0.370	Genomic DNA sequence produced from some base calling or alignment algorithm which uses aligned or assembled multiple gDNA sequences as input.
selected regions for bias-corrected predicted signal profile	DataType	deep_learning		5	embedding	SO:0001879	feature_ablation	feature_ablation	0.369	A sequence variant, caused by an alteration of the genomic sequence, where the deletion, is greater than the extent of the underlying genomic features.
selected regions for count sequence contribution scores	DataType	deep_learning		1	lexical-suffix	SO:0001685	score	score	0.434	The score of an experimentally derived feature such as a p-value.
selected regions for count sequence contribution scores	DataType	deep_learning		2	embedding	SO:0001931	consensus_gDNA	consensus_gDNA	0.399	Genomic DNA sequence produced from some base calling or alignment algorithm which uses aligned or assembled multiple gDNA sequences as input.
selected regions for count sequence contribution scores	DataType	deep_learning		3	embedding	SO:0001697	ChIP_seq_region	ChIP_seq_region	0.393	A region of sequence identified by CHiP seq technology to contain a protein binding site.
selected regions for count sequence contribution scores	DataType	deep_learning		4	embedding	SO:0001261	overlapping_feature_set	overlapping_feature_set	0.377	A continuous region of sequence composed of the overlapping of multiple sequence_features, which ultimately provides evidence for another sequence_feature.
selected regions for count sequence contribution scores	DataType	deep_learning		5	embedding	SO:0001911	copy_number_increase	copy_number_increase	0.372	A sequence variant where copies of a feature are increased relative to the reference.
selected regions for count sequence contribution scores	DataType	deep_learning		6	embedding	SO:0001912	copy_number_decrease	copy_number_decrease	0.369	A sequence variant where copies of a feature are decreased relative to the reference.
selected regions for predicted bias profile	DataType	deep_learning		1	embedding	SO:0002232	selection_marker	selection_marker	0.407	A genetic feature that encodes a trait used for artificial selection of a subpopulation.
selected regions for predicted bias profile	DataType	deep_learning		2	embedding	SO:0000732	predicted	predicted	0.389	An attribute describing an unverified region.
selected regions for predicted bias profile	DataType	deep_learning		3	embedding	SO:0001416	five_prime_flanking_region	five_prime_flanking_region	0.385	A flanking region located five prime of a specific region.
selected regions for predicted bias profile	DataType	deep_learning		4	embedding	SO:0000239	flanking_region	flanking_region	0.381	The sequences extending on either side of a specific region.
selected regions for predicted bias profile	DataType	deep_learning		5	embedding	SO:0002186	mutational_hotspot	mutational_hotspot	0.372	A region of genomic sequence known to undergo mutational events with greater frequency than expected by chance.
selected regions for predicted signal and sequence contribution scores	DataType	deep_learning		1	lexical-suffix	SO:0001685	score	score	0.436	The score of an experimentally derived feature such as a p-value.
selected regions for predicted signal and sequence contribution scores	DataType	deep_learning		2	embedding	SO:0001868	positional_candidate_gene	positional_candidate_gene	0.393	A candidate gene whose association with a trait is based on the gene's location on a chromosome.
selected regions for predicted signal and sequence contribution scores	DataType	deep_learning		3	embedding	SO:0000842	gene_component_region	gene_component_region	0.382	A region of a gene that has a specific function.
selected regions for predicted signal and sequence contribution scores	DataType	deep_learning		4	embedding	SO:0002232	selection_marker	selection_marker	0.382	A genetic feature that encodes a trait used for artificial selection of a subpopulation.
selected regions for predicted signal and sequence contribution scores	DataType	deep_learning		5	embedding	SO:0001697	ChIP_seq_region	ChIP_seq_region	0.375	A region of sequence identified by CHiP seq technology to contain a protein binding site.
selected regions for predicted signal and sequence contribution scores	DataType	deep_learning		6	embedding	SO:0001261	overlapping_feature_set	overlapping_feature_set	0.370	A continuous region of sequence composed of the overlapping of multiple sequence_features, which ultimately provides evidence for another sequence_feature.
selected regions for predicted signal profile	DataType	deep_learning		1	embedding	SO:0002232	selection_marker	selection_marker	0.390	A genetic feature that encodes a trait used for artificial selection of a subpopulation.
selected regions for predicted signal profile	DataType	deep_learning		2	embedding	SO:0001868	positional_candidate_gene	positional_candidate_gene	0.381	A candidate gene whose association with a trait is based on the gene's location on a chromosome.
selected regions for predicted signal profile	DataType	deep_learning		3	embedding	SO:0001261	overlapping_feature_set	overlapping_feature_set	0.378	A continuous region of sequence composed of the overlapping of multiple sequence_features, which ultimately provides evidence for another sequence_feature.
selected regions for predicted signal profile	DataType	deep_learning		4	embedding	SO:0000704	gene	gene	0.375	A region (or regions) that includes all of the sequence elements necessary to encode a functional transcript. A gene may include regulatory regions, transcribed regions and/or other functional sequence regions.
selected regions for predicted signal profile	DataType	deep_learning		5	embedding	SO:0000842	gene_component_region	gene_component_region	0.371	A region of a gene that has a specific function.
selected regions for profile sequence contribution scores	DataType	deep_learning		1	lexical-suffix	SO:0001685	score	score	0.422	The score of an experimentally derived feature such as a p-value.
selected regions for profile sequence contribution scores	DataType	deep_learning		2	embedding	SO:0001261	overlapping_feature_set	overlapping_feature_set	0.408	A continuous region of sequence composed of the overlapping of multiple sequence_features, which ultimately provides evidence for another sequence_feature.
selected regions for profile sequence contribution scores	DataType	deep_learning		3	embedding	SO:0000343	match	match	0.396	A region of sequence, aligned to another sequence with some statistical significance, using an algorithm such as BLAST or SIM4.
selected regions for profile sequence contribution scores	DataType	deep_learning		4	embedding	SO:0000860	syntenic	syntenic	0.352	Attribute describing sequence regions occurring in same order on chromosome of different species.
selected regions for profile sequence contribution scores	DataType	deep_learning		5	embedding	SO:0000907	supported_by_sequence_similarity	supported_by_sequence_similarity	0.350	An attribute to describe a feature that has been predicted using sequence similarity techniques.
selected regions for profile sequence contribution scores	DataType	deep_learning		6	embedding	SO:0000839	polypeptide_region	polypeptide_region	0.350	Biological sequence region that can be assigned to a specific subsequence of a polypeptide.
TF binding prediction model	DataType	deep_learning		1	embedding	SO:0000235	TF_binding_site	TF_binding_site	0.553	A DNA site where a transcription factor binds.
TF binding prediction model	DataType	deep_learning		2	embedding	SO:0001782	TF_binding_site_variant	TF_binding_site_variant	0.477	A sequence variant located within a transcription factor binding site.
TF binding prediction model	DataType	deep_learning		3	embedding	SO:0001888	TFBS_fusion	TFBS_fusion	0.469	A fusion where the deletion brings together transcription factor binding sites.
TF binding prediction model	DataType	deep_learning		4	embedding	SO:0001885	TFBS_translocation	TFBS_translocation	0.457	A feature translocation where the region contains a transcription factor binding site.
TF binding prediction model	DataType	deep_learning		5	embedding	SO:0001974	CTCF_binding_site	CTCF_binding_site	0.456	A transcription factor binding site with consensus sequence CCGCGNGGNGGCAG, bound by CCCTF-binding factor.
training and test regions	DataType	deep_learning		1	lexical-suffix	SO:0000001	region	region	0.147	A sequence_feature with an extent greater than zero. A nucleotide region is composed of bases and a polypeptide region is composed of amino acids.
training and test regions	DataType	deep_learning		2	lexical-suffix	SO:0000839	polypeptide_region	region	0.178	Biological sequence region that can be assigned to a specific subsequence of a polypeptide.
training and test regions	DataType	deep_learning		3	embedding	SO:0000732	predicted	predicted	0.351	An attribute describing an unverified region.
training and test regions	DataType	deep_learning		4	embedding	SO:0000703	experimental_result_region	experimental_result_region	0.346	A region of sequence implicated in an experimental result.
training and test regions	DataType	deep_learning		5	embedding	SO:0001416	five_prime_flanking_region	five_prime_flanking_region	0.342	A flanking region located five prime of a specific region.
training and test regions	DataType	deep_learning		6	embedding	SO:0000357	flanked	flanked	0.334	An attribute describing a region that is bounded either side by a particular kind of region.
training and test regions	DataType	deep_learning		7	embedding	SO:0000239	flanking_region	flanking_region	0.328	The sequences extending on either side of a specific region.
training set	DataType	deep_learning		1	embedding	SO:0000911	predicted_by_ab_initio_computation	predicted_by_ab_initio_computation	0.363	An attribute describing a feature that is predicted by a computer program that did not rely on sequence similarity.
training set	DataType	deep_learning		2	embedding	SO:0000993	consensus	consensus	0.345	A sequence produced from an aligment algorithm that uses multiple sequences as input.
training set	DataType	deep_learning		3	embedding	SO:0001684	experimental_feature_attribute	experimental_feature_attribute	0.344	An attribute of an experimentally derived feature.
training set	DataType	deep_learning		4	embedding	SO:0000733	feature_attribute	feature_attribute	0.307	An attribute describing a located_sequence_feature.
training set	DataType	deep_learning		5	embedding	SO:0000908	supported_by_domain_match	supported_by_domain_match	0.279	An attribute to describe a feature that has been predicted using sequence similarity of a known domain.
fine-mapped variants	DataType	variant	edam:data_0918	1	lexical-suffix	SO:0001147	natural_variant_site	variant	0.216	Describes the natural sequence variants due to polymorphisms, disease-associated mutations, RNA editing and variations between strains, isolates or cultivars.
fine-mapped variants	DataType	variant	edam:data_0918	2	embedding	SO:0001868	positional_candidate_gene	positional_candidate_gene	0.540	A candidate gene whose association with a trait is based on the gene's location on a chromosome.
fine-mapped variants	DataType	variant	edam:data_0918	3	embedding	SO:0000771	QTL	QTL	0.460	A quantitative trait locus (QTL) is a polymorphic locus which contains alleles that differentially affect the expression of a continuously distributed phenotypic trait. Usually it is a marker described by statistical association to quantitative variation in the particular phenotypic trait that is th
fine-mapped variants	DataType	variant	edam:data_0918	4	embedding	SO:0001500	heritable_phenotypic_marker	heritable_phenotypic_marker	0.459	A biological_region characterized as a single heritable trait in a phenotype screen. The heritable phenotype may be mapped to a chromosome but generally has not been characterized to a specific gene locus.
fine-mapped variants	DataType	variant	edam:data_0918	5	embedding	SO:0001869	functional_candidate_gene	functional_candidate_gene	0.458	A candidate gene whose function has something in common biologically with the trait under investigation.
fine-mapped variants	DataType	variant	edam:data_0918	6	embedding	SO:0002074	intergenic_1kb_variant	intergenic_1kb_variant	0.427	A variant that falls in an intergenic region that is 1 kb or less between 2 genes.
variant functional prediction	DataType	variant	edam:data_0918	1	embedding	SO:0001536	functional_effect_variant	functional_effect_variant	0.565	A variant whereby the effect is evaluated with respect to a reference.
variant functional prediction	DataType	variant	edam:data_0918	2	embedding	SO:0002220	function_uncertain_variant	function_uncertain_variant	0.515	A sequence variant in which the function of a gene product is unknown with respect to a reference.
variant functional prediction	DataType	variant	edam:data_0918	3	embedding	SO:0001814	coding_variant_quality	coding_variant_quality	0.468	An attribute of a coding genomic variant.
variant functional prediction	DataType	variant	edam:data_0918	4	embedding	SO:0001818	protein_altering_variant	protein_altering_variant	0.459	A sequence_variant which is predicted to change the protein encoded in the coding sequence.
variant functional prediction	DataType	variant	edam:data_0918	5	embedding	SO:0001585	conservative_missense_variant	conservative_missense_variant	0.458	A sequence variant whereby at least one base of a codon is changed resulting in a codon that encodes for a different but similar amino acid. These variants may or may not be deleterious.
chromosome sizes	DataType	reference		1	embedding	SO:0001505	reference_genome	reference_genome	0.607	A collection of sequences (often chromosomes) taken as the standard for a given organism and genome assembly.
chromosome sizes	DataType	reference		2	embedding	SO:0000148	supercontig	supercontig	0.589	One or more contigs that have been ordered and oriented using end-read information. Contains gaps that are filled with N's.
chromosome sizes	DataType	reference		3	embedding	SO:0001486	standard_draft	standard_draft	0.568	The status of a whole genome sequence, where the data is minimally filtered or un-filtered, from any number of sequencing platforms, and is assembled into contigs. Genome sequence of this quality may harbour regions of poor quality and can be relatively incomplete.
chromosome sizes	DataType	reference		4	embedding	SO:0001506	variant_genome	variant_genome	0.557	A collection of sequences (often chromosomes) of an individual.
chromosome sizes	DataType	reference		5	embedding	SO:0001876	partial_genomic_sequence_assembly	partial_genomic_sequence_assembly	0.550	A partial DNA sequence assembly of a chromosome or full genome, which contains gaps that are filled with N's.
chromosomes reference	DataType	reference	edam:data_2977	1	embedding	SO:0001505	reference_genome	reference_genome	0.682	A collection of sequences (often chromosomes) taken as the standard for a given organism and genome assembly.
chromosomes reference	DataType	reference	edam:data_2977	2	embedding	SO:0000860	syntenic	syntenic	0.585	Attribute describing sequence regions occurring in same order on chromosome of different species.
chromosomes reference	DataType	reference	edam:data_2977	3	embedding	SO:0000550	aneuploid_chromosome	aneuploid_chromosome	0.549	A chromosome structural variation whereby either a chromosome exists in addition to the normal chromosome complement or is lacking.
chromosomes reference	DataType	reference	edam:data_2977	4	embedding	SO:0000240	chromosome_variation	chromosome_variation	0.535	A deviation in chromosome structure or number.
chromosomes reference	DataType	reference	edam:data_2977	5	embedding	SO:0001511	interchromosomal	interchromosomal	0.516	A change in chromosomes that occurs between two sections of the same chromosome or between homologous chromosomes.
elements reference	DataType	reference		1	embedding	SO:0001505	reference_genome	reference_genome	0.650	A collection of sequences (often chromosomes) taken as the standard for a given organism and genome assembly.
elements reference	DataType	reference		2	embedding	SO:0001506	variant_genome	variant_genome	0.552	A collection of sequences (often chromosomes) of an individual.
elements reference	DataType	reference		3	embedding	SO:0000704	gene	gene	0.493	A region (or regions) that includes all of the sequence elements necessary to encode a functional transcript. A gene may include regulatory regions, transcribed regions and/or other functional sequence regions.
elements reference	DataType	reference		4	embedding	SO:0000628	chromosomal_structural_element	chromosomal_structural_element	0.489	Regions of the chromosome that are important for structural elements.
elements reference	DataType	reference		5	embedding	SO:0000719	ultracontig	ultracontig	0.477	An ordered and oriented set of scaffolds based on somewhat weaker sets of inferential evidence such as one set of mate pair reads together with supporting evidence from ESTs or location of markers from SNP or microsatellite maps, or cytogenetic localization of contained markers.
genome index	DataType	reference	edam:data_3210	1	embedding	SO:0001505	reference_genome	reference_genome	0.654	A collection of sequences (often chromosomes) taken as the standard for a given organism and genome assembly.
genome index	DataType	reference	edam:data_3210	2	embedding	SO:0000993	consensus	consensus	0.567	A sequence produced from an aligment algorithm that uses multiple sequences as input.
genome index	DataType	reference	edam:data_3210	3	embedding	SO:0000353	sequence_assembly	sequence_assembly	0.561	A sequence of nucleotides that has been algorithmically derived from an alignment of two or more different sequences.
genome index	DataType	reference	edam:data_3210	4	embedding	SO:0001486	standard_draft	standard_draft	0.542	The status of a whole genome sequence, where the data is minimally filtered or un-filtered, from any number of sequencing platforms, and is assembled into contigs. Genome sequence of this quality may harbour regions of poor quality and can be relatively incomplete.
genome index	DataType	reference	edam:data_3210	5	embedding	SO:0000177	cross_genome_match	cross_genome_match	0.540	A nucleotide match against a sequence from another organism.
genome reference	DataType	reference	SO:0001505	1	embedding	SO:0001505	reference_genome	reference_genome	0.751	A collection of sequences (often chromosomes) taken as the standard for a given organism and genome assembly.
genome reference	DataType	reference	SO:0001505	2	embedding	SO:0001486	standard_draft	standard_draft	0.677	The status of a whole genome sequence, where the data is minimally filtered or un-filtered, from any number of sequencing platforms, and is assembled into contigs. Genome sequence of this quality may harbour regions of poor quality and can be relatively incomplete.
genome reference	DataType	reference	SO:0001505	3	embedding	SO:0001876	partial_genomic_sequence_assembly	partial_genomic_sequence_assembly	0.675	A partial DNA sequence assembly of a chromosome or full genome, which contains gaps that are filled with N's.
genome reference	DataType	reference	SO:0001505	4	embedding	SO:0001489	annotation_directed_improved_draft	annotation_directed_improved_draft	0.671	The status of a whole genome sequence,where annotation, and verification of coding regions has occurred.
genome reference	DataType	reference	SO:0001505	5	embedding	SO:0001249	fragment_assembly	fragment_assembly	0.595	A fragment assembly is a genome assembly that orders overlapping fragments of the genome based on landmark sequences. The base pair distance between the landmarks is known allowing additivity of lengths.
miRNA reference	DataType	reference		1	embedding	SO:0002166	ref_miRNA	ref_miRNA	0.664	A ref_miRNA (RefSeq-miRNA) sequence is assigned at the creation of a new mature miRNA entry in a database. The ref_miRNA sequence designation remains unchanged even if a different isomiR is later shown to be expressed at a higher level. A ref_miRNA can be produced by one or multiple pre-miRNA.
miRNA reference	DataType	reference		2	embedding	SO:0002032	moR	moR	0.583	A non-coding transcript encoded by sequences adjacent to the ends of the 5' and 3' miR-encoding sequences that abut the loop in precursor miRNA.
miRNA reference	DataType	reference		3	embedding	SO:0001620	mature_miRNA_variant	mature_miRNA_variant	0.564	A transcript variant located with the sequence of the mature miRNA.
miRNA reference	DataType	reference		4	embedding	SO:0001243	miRNA_primary_transcript_region	miRNA_primary_transcript_region	0.555	A part of an miRNA primary_transcript.
miRNA reference	DataType	reference		5	embedding	SO:0002033	loR	loR	0.547	A short, non coding transcript of loop-derived sequences encoded in precursor miRNA.
mitochondrial genome index	DataType	reference		1	embedding	SO:0000737	mitochondrial_sequence	mitochondrial_sequence	0.612	DNA belonging to the genome of a mitochondria.
mitochondrial genome index	DataType	reference		2	embedding	SO:0001032	mitochondrial_DNA	mitochondrial_DNA	0.581	DNA belonging to the genome of a mitochondria.
mitochondrial genome index	DataType	reference		3	embedding	SO:0002293	mitochondrial_control_region	mitochondrial_control_region	0.544	The non-coding region of the mitochondrial genome that controls RNA and DNA synthesis.
mitochondrial genome index	DataType	reference		4	embedding	SO:0001922	mitochondrial_supercontig	mitochondrial_supercontig	0.523	A scaffold composed of mitochondrial contigs.
mitochondrial genome index	DataType	reference		5	embedding	SO:0000088	mt_gene	mt_gene	0.515	A gene located in mitochondrial sequence.
mitochondrial genome reference	DataType	reference		1	embedding	SO:0000737	mitochondrial_sequence	mitochondrial_sequence	0.726	DNA belonging to the genome of a mitochondria.
mitochondrial genome reference	DataType	reference		2	embedding	SO:0002293	mitochondrial_control_region	mitochondrial_control_region	0.659	The non-coding region of the mitochondrial genome that controls RNA and DNA synthesis.
mitochondrial genome reference	DataType	reference		3	embedding	SO:0001032	mitochondrial_DNA	mitochondrial_DNA	0.659	DNA belonging to the genome of a mitochondria.
mitochondrial genome reference	DataType	reference		4	embedding	SO:0001505	reference_genome	reference_genome	0.635	A collection of sequences (often chromosomes) taken as the standard for a given organism and genome assembly.
mitochondrial genome reference	DataType	reference		5	embedding	SO:0001921	mitochondrial_contig	mitochondrial_contig	0.612	A contig of mitochondria derived sequences.
motif clusters reference	DataType	reference	edam:data_1353	1	embedding	SO:0000993	consensus	consensus	0.588	A sequence produced from an aligment algorithm that uses multiple sequences as input.
motif clusters reference	DataType	reference	edam:data_1353	2	embedding	SO:0001261	overlapping_feature_set	overlapping_feature_set	0.569	A continuous region of sequence composed of the overlapping of multiple sequence_features, which ultimately provides evidence for another sequence_feature.
motif clusters reference	DataType	reference	edam:data_1353	3	embedding	SO:0001458	unigene_cluster	unigene_cluster	0.548	A kind of transcribed_cluster defined by a set of transcribed sequences from the a unique gene.
motif clusters reference	DataType	reference	edam:data_1353	4	embedding	SO:0001260	sequence_collection	sequence_collection	0.528	A collection of discontinuous sequences.
motif clusters reference	DataType	reference	edam:data_1353	5	embedding	SO:0000994	consensus_region	consensus_region	0.523	A region that has a known consensus sequence.
phastcons score reference	DataType	reference		1	embedding	SO:0001487	high_quality_draft	high_quality_draft	0.422	The status of a whole genome sequence, where overall coverage represents at least 90 percent of the genome.
phastcons score reference	DataType	reference		2	embedding	SO:0001931	consensus_gDNA	consensus_gDNA	0.419	Genomic DNA sequence produced from some base calling or alignment algorithm which uses aligned or assembled multiple gDNA sequences as input.
phastcons score reference	DataType	reference		3	embedding	SO:0001505	reference_genome	reference_genome	0.418	A collection of sequences (often chromosomes) taken as the standard for a given organism and genome assembly.
phastcons score reference	DataType	reference		4	embedding	SO:0000860	syntenic	syntenic	0.386	Attribute describing sequence regions occurring in same order on chromosome of different species.
phastcons score reference	DataType	reference		5	embedding	SO:0000332	coding_conserved_region	coding_conserved_region	0.362	Coding region of sequence similarity by descent from a common ancestor.
reference	DataType	reference		1	embedding	SO:0001505	reference_genome	reference_genome	0.517	A collection of sequences (often chromosomes) taken as the standard for a given organism and genome assembly.
reference	DataType	reference		2	embedding	SO:2000061	databank_entry	databank_entry	0.506	The sequence referred to by an entry in a databank such as GenBank or SwissProt.
reference	DataType	reference		3	embedding	SO:0002206	sequence_source	sequence_source	0.444	Identifies the biological source of the specified span of the sequence
reference	DataType	reference		4	embedding	SO:0001086	sequence_uncertainty	sequence_uncertainty	0.416	Describes the positions in a sequence where the authors are unsure about the sequence assignment.
reference	DataType	reference		5	embedding	SO:0001526	base_call_error_correction	base_call_error_correction	0.412	A region of sequence where the final nucleotide assignment is different from that given by the base caller due to an improvement that replaces a mistake.
repeats reference	DataType	reference		1	embedding	SO:0000658	dispersed_repeat	dispersed_repeat	0.628	A repeat that is located at dispersed sites in the genome.
repeats reference	DataType	reference		2	embedding	SO:0000657	repeat_region	repeat_region	0.615	A region of sequence containing one or more repeat units.
repeats reference	DataType	reference		3	embedding	SO:0000840	repeat_component	repeat_component	0.570	A region of a repeated sequence.
repeats reference	DataType	reference		4	embedding	SO:0001505	reference_genome	reference_genome	0.569	A collection of sequences (often chromosomes) taken as the standard for a given organism and genome assembly.
repeats reference	DataType	reference		5	embedding	SO:0002165	trinucleotide_repeat_expansion	trinucleotide_repeat_expansion	0.566	A short tandem repeat expansion with an increase in a sequence of three nucleotide units repeated in tandem compared to a reference sequence.
rRNA reference	DataType	reference		1	embedding	SO:0000209	rRNA_primary_transcript	rRNA_primary_transcript	0.680	A primary transcript encoding a ribosomal RNA.
rRNA reference	DataType	reference		2	embedding	SO:0000255	rRNA_small_subunit_primary_transcript	rRNA_small_subunit_primary_transcript	0.643	A primary transcript encoding a small ribosomal subunit RNA.
rRNA reference	DataType	reference		3	embedding	SO:0000838	rRNA_primary_transcript_region	rRNA_primary_transcript_region	0.640	A region of an rRNA primary transcript.
rRNA reference	DataType	reference		4	embedding	SO:0000325	rRNA_large_subunit_primary_transcript	rRNA_large_subunit_primary_transcript	0.638	A primary transcript encoding a large ribosomal subunit RNA.
rRNA reference	DataType	reference		5	embedding	SO:0001000	cytosolic_16S_rRNA	cytosolic_16S_rRNA	0.638	Cytosolic 16S rRNA is an RNA component of the small subunit of cytosolic ribosomes in prokaryotes.
snRNA reference	DataType	reference		1	embedding	SO:0000274	snRNA	snRNA	0.695	A small nuclear RNA molecule involved in pre-mRNA splicing and processing.
snRNA reference	DataType	reference		2	embedding	SO:0000231	snRNA_primary_transcript	snRNA_primary_transcript	0.690	A primary transcript encoding a small nuclear RNA (SO:0000274).
snRNA reference	DataType	reference		3	embedding	SO:0002338	U7_snRNA	U7_snRNA	0.674	A 57 to 71 nucleotide RNA that is a component of the U7 small nuclear ribonucleoprotein complex (U7 snRNP). The U7 snRNP is required for histone pre-mRNA processing.
snRNA reference	DataType	reference		4	embedding	SO:0001268	snRNA_gene	snRNA_gene	0.670	A gene that encodes a small nuclear RNA.
snRNA reference	DataType	reference		5	embedding	SO:0000454	rasiRNA	rasiRNA	0.665	A 17-28-nt, small interfering RNA derived from transcripts of repetitive elements.
transcriptome index	DataType	reference		1	embedding	SO:0001428	expressed_sequence_assembly	expressed_sequence_assembly	0.573	A sequence assembly derived from expressed sequences.
transcriptome index	DataType	reference		2	embedding	SO:0000102	expressed_sequence_match	expressed_sequence_match	0.548	A match to an EST or cDNA sequence.
transcriptome index	DataType	reference		3	embedding	SO:0000995	consensus_mRNA	consensus_mRNA	0.529	An mRNA sequence produced from an aligment algorithm that uses multiple sequences as input.
transcriptome index	DataType	reference		4	embedding	SO:0000668	EST_match	EST_match	0.516	A match against an EST sequence.
transcriptome index	DataType	reference		5	embedding	SO:0000353	sequence_assembly	sequence_assembly	0.497	A sequence of nucleotides that has been algorithmically derived from an alignment of two or more different sequences.
transcriptome reference	DataType	reference		1	embedding	SO:0001428	expressed_sequence_assembly	expressed_sequence_assembly	0.600	A sequence assembly derived from expressed sequences.
transcriptome reference	DataType	reference		2	embedding	SO:0001505	reference_genome	reference_genome	0.595	A collection of sequences (often chromosomes) taken as the standard for a given organism and genome assembly.
transcriptome reference	DataType	reference		3	embedding	SO:0000102	expressed_sequence_match	expressed_sequence_match	0.561	A match to an EST or cDNA sequence.
transcriptome reference	DataType	reference		4	embedding	SO:0001542	increased_transcript_level_variant	increased_transcript_level_variant	0.553	A sequence variant that increases the level of mature, spliced and processed RNA with respect to a reference sequence.
transcriptome reference	DataType	reference		5	embedding	SO:0000995	consensus_mRNA	consensus_mRNA	0.546	An mRNA sequence produced from an aligment algorithm that uses multiple sequences as input.
tRNA reference	DataType	reference		1	embedding	SO:0000210	tRNA_primary_transcript	tRNA_primary_transcript	0.732	A primary transcript encoding a transfer RNA (SO:0000253).
tRNA reference	DataType	reference		2	embedding	SO:0000253	tRNA	tRNA	0.694	Transfer RNA (tRNA) molecules are approximately 80 nucleotides in length. Their secondary structure includes four short double-helical elements and three loops (D, anti-codon, and T loops). Further hydrogen bonds mediate the characteristic L-shaped molecular structure. Transfer RNAs have two regions
tRNA reference	DataType	reference		3	embedding	SO:0002129	mt_tRNA	mt_tRNA	0.670	Mitochondrial transfer RNA.
tRNA reference	DataType	reference		4	embedding	SO:0000212	arginine_tRNA_primary_transcript	arginine_tRNA_primary_transcript	0.658	A primary transcript encoding arginyl tRNA (SO:0000255).
tRNA reference	DataType	reference		5	embedding	SO:0000221	leucine_tRNA_primary_transcript	leucine_tRNA_primary_transcript	0.656	A primary transcript encoding leucyl tRNA (SO:0000264).
HMM predicted chromatin state	DataType	annotation		1	embedding	SO:0001221	silenced_by_histone_modification	silenced_by_histone_modification	0.474	An attribute describing an epigenetic process where a gene is inactivated by histone modification.
HMM predicted chromatin state	DataType	annotation		2	embedding	SO:0002306	chromatin_regulatory_region	chromatin_regulatory_region	0.461	A region of a chromosome where regulatory events occur, including epigenetic modifications. These epigenetic modifications can include nucleosome modifications and post-replicational DNA modifications.
HMM predicted chromatin state	DataType	annotation		3	embedding	SO:0001225	gene_silenced_by_histone_modification	gene_silenced_by_histone_modification	0.432	A gene that is silenced by histone modification.
HMM predicted chromatin state	DataType	annotation		4	embedding	SO:0001222	silenced_by_histone_methylation	silenced_by_histone_methylation	0.429	An attribute describing an epigenetic process where a gene is inactivated by histone methylation.
HMM predicted chromatin state	DataType	annotation		5	embedding	SO:0001223	silenced_by_histone_deacetylation	silenced_by_histone_deacetylation	0.408	An attribute describing an epigenetic process where a gene is inactivated by histone deacetylation.
read annotations	DataType	annotation		1	embedding	SO:0001489	annotation_directed_improved_draft	annotation_directed_improved_draft	0.522	The status of a whole genome sequence,where annotation, and verification of coding regions has occurred.
read annotations	DataType	annotation		2	embedding	SO:0000353	sequence_assembly	sequence_assembly	0.492	A sequence of nucleotides that has been algorithmically derived from an alignment of two or more different sequences.
read annotations	DataType	annotation		3	embedding	SO:0000116	edited	edited	0.479	An attribute describing a sequence that is modified by editing.
read annotations	DataType	annotation		4	embedding	SO:0000150	read	read	0.476	A sequence obtained from a single sequencing experiment. Typically a read is produced when a base calling program interprets information from a chromatogram trace file produced from a sequencing machine.
read annotations	DataType	annotation		5	embedding	SO:0000400	sequence_attribute	sequence_attribute	0.474	An attribute describes a quality of sequence.
semi-automated genome annotation	DataType	annotation		1	embedding	SO:0001489	annotation_directed_improved_draft	annotation_directed_improved_draft	0.568	The status of a whole genome sequence,where annotation, and verification of coding regions has occurred.
semi-automated genome annotation	DataType	annotation		2	embedding	SO:0001488	improved_high_quality_draft	improved_high_quality_draft	0.507	The status of a whole genome sequence, where additional work has been performed, using either manual or automated methods, such as gap resolution.
semi-automated genome annotation	DataType	annotation		3	embedding	SO:0001486	standard_draft	standard_draft	0.465	The status of a whole genome sequence, where the data is minimally filtered or un-filtered, from any number of sequencing platforms, and is assembled into contigs. Genome sequence of this quality may harbour regions of poor quality and can be relatively incomplete.
semi-automated genome annotation	DataType	annotation		4	embedding	SO:0001931	consensus_gDNA	consensus_gDNA	0.425	Genomic DNA sequence produced from some base calling or alignment algorithm which uses aligned or assembled multiple gDNA sequences as input.
semi-automated genome annotation	DataType	annotation		5	embedding	SO:0000353	sequence_assembly	sequence_assembly	0.422	A sequence of nucleotides that has been algorithmically derived from an alignment of two or more different sequences.
sequence alignability	DataType	annotation		1	embedding	SO:0000353	sequence_assembly	sequence_assembly	0.590	A sequence of nucleotides that has been algorithmically derived from an alignment of two or more different sequences.
sequence alignability	DataType	annotation		2	embedding	SO:0000149	contig	contig	0.571	A contiguous sequence derived from sequence assembly. Has no gaps, but may contain N's from unavailable bases.
sequence alignability	DataType	annotation		3	embedding	SO:0000735	sequence_location	sequence_location	0.565	The location of a sequence.
sequence alignability	DataType	annotation		4	embedding	SO:0001248	assembly	assembly	0.560	A region of the genome of known length that is composed by ordering and aligning two or more different regions.
sequence alignability	DataType	annotation		5	embedding	SO:0001505	reference_genome	reference_genome	0.558	A collection of sequences (often chromosomes) taken as the standard for a given organism and genome assembly.
sequence uniqueness	DataType	annotation		1	embedding	SO:0000001	region	region	0.520	A sequence_feature with an extent greater than zero. A nucleotide region is composed of bases and a polypeptide region is composed of amino acids.
sequence uniqueness	DataType	annotation		2	embedding	SO:0000343	match	match	0.510	A region of sequence, aligned to another sequence with some statistical significance, using an algorithm such as BLAST or SIM4.
sequence uniqueness	DataType	annotation		3	embedding	SO:0000248	sequence_length_alteration	sequence_length_alteration	0.499	A kind of kind of sequence alteration where the copies of a region present varies across a population.
sequence uniqueness	DataType	annotation		4	embedding	SO:0000472	tiling_path	tiling_path	0.493	A set of regions which overlap with minimal polymorphism to form a linear sequence.
sequence uniqueness	DataType	annotation		5	embedding	SO:0001248	assembly	assembly	0.491	A region of the genome of known length that is composed by ordering and aligning two or more different regions.
archr project	DataType	single_cell		1	embedding	SO:0000150	read	read	0.440	A sequence obtained from a single sequencing experiment. Typically a read is produced when a base calling program interprets information from a chromatogram trace file produced from a sequencing machine.
archr project	DataType	single_cell		2	embedding	SO:0001428	expressed_sequence_assembly	expressed_sequence_assembly	0.425	A sequence assembly derived from expressed sequences.
archr project	DataType	single_cell		3	embedding	SO:0000993	consensus	consensus	0.418	A sequence produced from an aligment algorithm that uses multiple sequences as input.
archr project	DataType	single_cell		4	embedding	SO:0100010	no_output	no_output	0.413	An experimental region wherean analysis has been run and not produced any annotation.
archr project	DataType	single_cell		5	embedding	SO:0000353	sequence_assembly	sequence_assembly	0.412	A sequence of nucleotides that has been algorithmically derived from an alignment of two or more different sequences.
cell coordinates	DataType	single_cell		1	embedding	SO:0001251	STS_map	STS_map	0.365	An STS map is a physical map organized by the unique STS landmarks.
cell coordinates	DataType	single_cell		2	embedding	SO:0000472	tiling_path	tiling_path	0.299	A set of regions which overlap with minimal polymorphism to form a linear sequence.
cell coordinates	DataType	single_cell		3	embedding	SO:0001458	unigene_cluster	unigene_cluster	0.292	A kind of transcribed_cluster defined by a set of transcribed sequences from the a unique gene.
cell coordinates	DataType	single_cell		4	embedding	SO:0001030	forward	forward	0.277	Forward is an attribute of the feature, where the feature is in the 5' to 3' direction.
cell coordinates	DataType	single_cell		5	embedding	SO:0001917	CAGE_cluster	CAGE_cluster	0.273	A kind of transcription_initiation_cluster defined by the clustering of CAGE tags on a sequence region.
cell topic participation	DataType	single_cell		1	embedding	SO:0002305	topologically_associated_domain_boundary	topologically_associated_domain_boundary	0.256	A DNA region enriched in DNA loop anchors and across which DNA loops occur less often than expected by chance.
cell topic participation	DataType	single_cell		2	embedding	SO:0001917	CAGE_cluster	CAGE_cluster	0.240	A kind of transcription_initiation_cluster defined by the clustering of CAGE tags on a sequence region.
cell topic participation	DataType	single_cell		3	embedding	SO:1001249	CDS_supported_by_domain_match_data	CDS_supported_by_domain_match_data	0.232	A CDS that is supported by domain similarity.
cell topic participation	DataType	single_cell		4	embedding	SO:1001251	CDS_supported_by_sequence_similarity_data	CDS_supported_by_sequence_similarity_data	0.231	A CDS that is supported by sequence similarity data.
cell topic participation	DataType	single_cell		5	embedding	SO:0001502	high_identity_region	high_identity_region	0.220	An experimental feature with high sequence identity to another sequence.
clusters	DataType	single_cell		1	embedding	SO:0001458	unigene_cluster	unigene_cluster	0.473	A kind of transcribed_cluster defined by a set of transcribed sequences from the a unique gene.
clusters	DataType	single_cell		2	embedding	SO:0001917	CAGE_cluster	CAGE_cluster	0.442	A kind of transcription_initiation_cluster defined by the clustering of CAGE tags on a sequence region.
clusters	DataType	single_cell		3	embedding	SO:0001457	transcribed_cluster	transcribed_cluster	0.432	A region defined by a set of transcribed sequences from the same gene or expressed pseudogene.
clusters	DataType	single_cell		4	embedding	SO:0001915	transcription_start_cluster	transcription_start_cluster	0.378	A region defined by a cluster of experimentally determined transcription starting sites.
clusters	DataType	single_cell		5	embedding	SO:0001262	overlapping_EST_set	overlapping_EST_set	0.359	A continous experimental result region extending the length of multiple overlapping EST's.
capture targets	DataType	technical		1	embedding	SO:0001498	YAC_end	YAC_end	0.438	A region of sequence from the end of a YAC clone that may provide a highly specific marker.
capture targets	DataType	technical		2	embedding	SO:0001697	ChIP_seq_region	ChIP_seq_region	0.432	A region of sequence identified by CHiP seq technology to contain a protein binding site.
capture targets	DataType	technical		3	embedding	SO:0001506	variant_genome	variant_genome	0.410	A collection of sequences (often chromosomes) of an individual.
capture targets	DataType	technical		4	embedding	SO:0000999	BAC_end	BAC_end	0.401	A region of sequence from the end of a BAC clone that may provide a highly specific marker.
capture targets	DataType	technical		5	embedding	SO:0001635	5KB_upstream_variant	5KB_upstream_variant	0.397	A sequence variant located within 5KB 5' of a gene.
exclusion list regions	DataType	technical		1	lexical-suffix	SO:0000001	region	region	0.260	A sequence_feature with an extent greater than zero. A nucleotide region is composed of bases and a polypeptide region is composed of amino acids.
exclusion list regions	DataType	technical		2	lexical-suffix	SO:0000839	polypeptide_region	region	0.302	Biological sequence region that can be assigned to a specific subsequence of a polypeptide.
exclusion list regions	DataType	technical		3	embedding	SO:0000239	flanking_region	flanking_region	0.497	The sequences extending on either side of a specific region.
exclusion list regions	DataType	technical		4	embedding	SO:0000414	invalidated_by_genomic_contamination	invalidated_by_genomic_contamination	0.472	An attribute to describe a feature that is invalidated due to genomic contamination.
exclusion list regions	DataType	technical		5	embedding	SO:0000897	allelically_excluded_gene	allelically_excluded_gene	0.470	A gene that is allelically_excluded.
exclusion list regions	DataType	technical		6	embedding	SO:0001411	biological_region	biological_region	0.460	A region defined by its disposition to be involved in a biological process.
exclusion list regions	DataType	technical		7	embedding	SO:0002332	epigenomically_modified_region	epigenomically_modified_region	0.448	A biological region implicated in inherited changes caused by mechanisms other than changes in the underlying DNA sequence.
filtered regions	DataType	technical		1	lexical-suffix	SO:0000001	region	region	0.283	A sequence_feature with an extent greater than zero. A nucleotide region is composed of bases and a polypeptide region is composed of amino acids.
filtered regions	DataType	technical		2	lexical-suffix	SO:0000839	polypeptide_region	region	0.267	Biological sequence region that can be assigned to a specific subsequence of a polypeptide.
filtered regions	DataType	technical		3	embedding	SO:0000239	flanking_region	flanking_region	0.518	The sequences extending on either side of a specific region.
filtered regions	DataType	technical		4	embedding	SO:0001879	feature_ablation	feature_ablation	0.475	A sequence variant, caused by an alteration of the genomic sequence, where the deletion, is greater than the extent of the underlying genomic features.
filtered regions	DataType	technical		5	embedding	SO:0001894	regulatory_region_ablation	regulatory_region_ablation	0.470	A feature ablation whereby the deleted region includes a regulatory region.
filtered regions	DataType	technical		6	embedding	SO:0001416	five_prime_flanking_region	five_prime_flanking_region	0.457	A flanking region located five prime of a specific region.
filtered regions	DataType	technical		7	embedding	SO:0001878	feature_variant	feature_variant	0.456	A sequence variant that falls entirely or partially within a genomic feature.
fragments	DataType	technical		1	lexical	SO:0000731	fragmentary	fragment	0.406	An attribute to describe a feature that is incomplete.
fragments	DataType	technical		2	embedding	SO:0001249	fragment_assembly	fragment_assembly	0.593	A fragment assembly is a genome assembly that orders overlapping fragments of the genome based on landmark sequences. The base pair distance between the landmarks is known allowing additivity of lengths.
fragments	DataType	technical		3	embedding	SO:0000353	sequence_assembly	sequence_assembly	0.543	A sequence of nucleotides that has been algorithmically derived from an alignment of two or more different sequences.
fragments	DataType	technical		4	embedding	SO:0000993	consensus	consensus	0.505	A sequence produced from an aligment algorithm that uses multiple sequences as input.
fragments	DataType	technical		5	embedding	SO:0000149	contig	contig	0.504	A contiguous sequence derived from sequence assembly. Has no gaps, but may contain N's from unavailable bases.
fragments	DataType	technical		6	embedding	SO:0001991	consensus_AFLP_fragment	consensus_AFLP_fragment	0.488	A consensus AFLP fragment is an AFLP sequence produced from any alignment algorithm which uses assembled multiple AFLP sequences as input.
idat green channel	DataType	technical		1	embedding	SO:0005851	gene_array	gene_array	0.381	An array includes two or more genes, or two or more gene subarrays, contiguously arranged where the individual genes, or subarrays, are either identical in sequence, or essentially so.
idat green channel	DataType	technical		2	embedding	SO:0001851	iron_repressed_GATA_element	iron_repressed_GATA_element	0.353	A GATA promoter element with consensus sequence WGATAA, found in promoters of genes repressed in the presence of iron.
idat green channel	DataType	technical		3	embedding	SO:0000326	SAGE_tag	SAGE_tag	0.351	A short diagnostic sequence tag, serial analysis of gene expression (SAGE), that allows the quantitative and simultaneous analysis of a large number of transcripts.
idat green channel	DataType	technical		4	embedding	SO:0000081	gene_array_member	gene_array_member	0.350	
idat green channel	DataType	technical		5	embedding	SO:0001646	DArT_marker	DArT_marker	0.326	A genetic marker, discovered using Diversity Arrays Technology (DArT) technology.
idat red channel	DataType	technical		1	embedding	SO:0005851	gene_array	gene_array	0.343	An array includes two or more genes, or two or more gene subarrays, contiguously arranged where the individual genes, or subarrays, are either identical in sequence, or essentially so.
idat red channel	DataType	technical		2	embedding	SO:0001646	DArT_marker	DArT_marker	0.326	A genetic marker, discovered using Diversity Arrays Technology (DArT) technology.
idat red channel	DataType	technical		3	embedding	SO:0001851	iron_repressed_GATA_element	iron_repressed_GATA_element	0.310	A GATA promoter element with consensus sequence WGATAA, found in promoters of genes repressed in the presence of iron.
idat red channel	DataType	technical		4	embedding	SO:0000081	gene_array_member	gene_array_member	0.307	
idat red channel	DataType	technical		5	embedding	SO:0000326	SAGE_tag	SAGE_tag	0.298	A short diagnostic sequence tag, serial analysis of gene expression (SAGE), that allows the quantitative and simultaneous analysis of a large number of transcripts.
inclusion list	DataType	technical		1	embedding	SO:0000831	gene_member_region	gene_member_region	0.517	A region of a gene.
inclusion list	DataType	technical		2	embedding	SO:0001506	variant_genome	variant_genome	0.503	A collection of sequences (often chromosomes) of an individual.
inclusion list	DataType	technical		3	embedding	SO:0000704	gene	gene	0.497	A region (or regions) that includes all of the sequence elements necessary to encode a functional transcript. A gene may include regulatory regions, transcribed regions and/or other functional sequence regions.
inclusion list	DataType	technical		4	embedding	SO:0001507	variant_collection	variant_collection	0.488	A collection of one or more sequences of an individual.
inclusion list	DataType	technical		5	embedding	SO:0001261	overlapping_feature_set	overlapping_feature_set	0.485	A continuous region of sequence composed of the overlapping of multiple sequence_features, which ultimately provides evidence for another sequence_feature.
index reads	DataType	technical		1	lexical-suffix	SO:0000150	read	read	0.544	A sequence obtained from a single sequencing experiment. Typically a read is produced when a base calling program interprets information from a chromatogram trace file produced from a sequencing machine.
index reads	DataType	technical		2	embedding	SO:0002023	multiplexing_sequence_identifier	multiplexing_sequence_identifier	0.572	A nucleic tag which is used in a ligation step of library preparation process to allow pooling of samples while maintaining ability to identify individual source material and creation of a multiplexed library.
index reads	DataType	technical		3	embedding	SO:0001424	pyrosequenced_read	pyrosequenced_read	0.532	A read produced by pyrosequencing technology.
index reads	DataType	technical		4	embedding	SO:0001467	RST	RST	0.529	A tag produced from a single sequencing read from a RACE product; typically a few hundred base pairs long.
index reads	DataType	technical		5	embedding	SO:0001930	chloroplast_DNA_read	chloroplast_DNA_read	0.525	A sequencer read of a chloroplast DNA sample.
index reads	DataType	technical		6	embedding	SO:0000007	read_pair	read_pair	0.518	One of a pair of sequencing reads in which the two members of the pair are related by originating at either end of a clone insert.
intensity values	DataType	technical		1	embedding	SO:0001685	score	score	0.396	The score of an experimentally derived feature such as a p-value.
intensity values	DataType	technical		2	embedding	SO:0000326	SAGE_tag	SAGE_tag	0.333	A short diagnostic sequence tag, serial analysis of gene expression (SAGE), that allows the quantitative and simultaneous analysis of a large number of transcripts.
intensity values	DataType	technical		3	embedding	SO:0005851	gene_array	gene_array	0.323	An array includes two or more genes, or two or more gene subarrays, contiguously arranged where the individual genes, or subarrays, are either identical in sequence, or essentially so.
intensity values	DataType	technical		4	embedding	SO:1001259	CDS_supported_by_EST_or_cDNA_data	CDS_supported_by_EST_or_cDNA_data	0.318	A CDS that is supported by similarity to EST or cDNA data.
intensity values	DataType	technical		5	embedding	SO:0000734	exemplar_mRNA	exemplar_mRNA	0.298	An exemplar is a representative cDNA sequence for each gene. The exemplar approach is a method that usually involves some initial clustering into gene groups and the subsequent selection of a representative from each gene group.
kmer weights	DataType	technical		1	embedding	SO:0000001	region	region	0.437	A sequence_feature with an extent greater than zero. A nucleotide region is composed of bases and a polypeptide region is composed of amino acids.
kmer weights	DataType	technical		2	embedding	SO:0001004	low_complexity	low_complexity	0.422	When a sequence does not contain an equal distribution of all four possible nucleotide bases or does not contain all nucleotide bases.
kmer weights	DataType	technical		3	embedding	SO:0000343	match	match	0.407	A region of sequence, aligned to another sequence with some statistical significance, using an algorithm such as BLAST or SIM4.
kmer weights	DataType	technical		4	embedding	SO:0000449	random_sequence	random_sequence	0.400	"A sequence of nucleotides or amino acids which, by design, has a \""random\"" order of components, given a predetermined input frequency of these components."
kmer weights	DataType	technical		5	embedding	SO:0001685	score	score	0.374	The score of an experimentally derived feature such as a p-value.
library fraction	DataType	technical		1	embedding	SO:0002023	multiplexing_sequence_identifier	multiplexing_sequence_identifier	0.500	A nucleic tag which is used in a ligation step of library preparation process to allow pooling of samples while maintaining ability to identify individual source material and creation of a multiplexed library.
library fraction	DataType	technical		2	embedding	SO:0001507	variant_collection	variant_collection	0.478	A collection of one or more sequences of an individual.
library fraction	DataType	technical		3	embedding	SO:0000345	EST	EST	0.476	A tag produced from a single sequencing read from a cDNA clone or PCR product; typically a few hundred base pairs long.
library fraction	DataType	technical		4	embedding	SO:0001467	RST	RST	0.452	A tag produced from a single sequencing read from a RACE product; typically a few hundred base pairs long.
library fraction	DataType	technical		5	embedding	SO:0000150	read	read	0.446	A sequence obtained from a single sequencing experiment. Typically a read is produced when a base calling program interprets information from a chromatogram trace file produced from a sequencing machine.
mitochondrial exclusion list regions	DataType	technical		1	lexical-suffix	SO:0000001	region	region	0.276	A sequence_feature with an extent greater than zero. A nucleotide region is composed of bases and a polypeptide region is composed of amino acids.
mitochondrial exclusion list regions	DataType	technical		2	lexical-suffix	SO:0000839	polypeptide_region	region	0.271	Biological sequence region that can be assigned to a specific subsequence of a polypeptide.
mitochondrial exclusion list regions	DataType	technical		3	embedding	SO:0002293	mitochondrial_control_region	mitochondrial_control_region	0.612	The non-coding region of the mitochondrial genome that controls RNA and DNA synthesis.
mitochondrial exclusion list regions	DataType	technical		4	embedding	SO:0000737	mitochondrial_sequence	mitochondrial_sequence	0.575	DNA belonging to the genome of a mitochondria.
mitochondrial exclusion list regions	DataType	technical		5	embedding	SO:0001032	mitochondrial_DNA	mitochondrial_DNA	0.549	DNA belonging to the genome of a mitochondria.
mitochondrial exclusion list regions	DataType	technical		6	embedding	SO:0000088	mt_gene	mt_gene	0.532	A gene located in mitochondrial sequence.
mitochondrial exclusion list regions	DataType	technical		7	embedding	SO:0001921	mitochondrial_contig	mitochondrial_contig	0.509	A contig of mitochondria derived sequences.
nanopore signal	DataType	technical		1	lexical-suffix	SO:0000418	signal_peptide	signal	0.242	The signal_peptide is a short region of the peptide located at the N-terminus that directs the protein to be secreted or part of membrane components.
nanopore signal	DataType	technical		2	lexical-suffix	SO:0000725	transit_peptide	signal	0.144	The transit_peptide is a short region at the N-terminus of the peptide that directs the protein to an organelle (chloroplast, mitochondrion, microbody or cyanelle).
nanopore signal	DataType	technical		3	embedding	SO:0000150	read	read	0.496	A sequence obtained from a single sequencing experiment. Typically a read is produced when a base calling program interprets information from a chromatogram trace file produced from a sequencing machine.
nanopore signal	DataType	technical		4	embedding	SO:0001468	three_prime_RST	three_prime_RST	0.332	A tag produced from a single sequencing read from a 3'-RACE product; typically a few hundred base pairs long.
nanopore signal	DataType	technical		5	embedding	SO:0002178	SNV_artifact	SNV_artifact	0.329	An SNV that is the result of base-calling or assembly error.
nanopore signal	DataType	technical		6	embedding	SO:0001467	RST	RST	0.327	A tag produced from a single sequencing read from a RACE product; typically a few hundred base pairs long.
nanopore signal	DataType	technical		7	embedding	SO:0000345	EST	EST	0.323	A tag produced from a single sequencing read from a cDNA clone or PCR product; typically a few hundred base pairs long.
negative control regions	DataType	technical		1	lexical-suffix	SO:0000001	region	region	0.181	A sequence_feature with an extent greater than zero. A nucleotide region is composed of bases and a polypeptide region is composed of amino acids.
negative control regions	DataType	technical		2	lexical-suffix	SO:0000839	polypeptide_region	region	0.165	Biological sequence region that can be assigned to a specific subsequence of a polypeptide.
negative control regions	DataType	technical		3	embedding	SO:0001416	five_prime_flanking_region	five_prime_flanking_region	0.456	A flanking region located five prime of a specific region.
negative control regions	DataType	technical		4	embedding	SO:0000239	flanking_region	flanking_region	0.430	The sequences extending on either side of a specific region.
negative control regions	DataType	technical		5	embedding	SO:0000703	experimental_result_region	experimental_result_region	0.399	A region of sequence implicated in an experimental result.
negative control regions	DataType	technical		6	embedding	SO:0000037	locus_control_region	locus_control_region	0.397	A DNA region that includes DNAse hypersensitive sites located near a gene that confers the high-level, position-independent, and copy number-dependent expression to that gene.
negative control regions	DataType	technical		7	embedding	SO:0000626	chromosomal_regulatory_element	chromosomal_regulatory_element	0.394	Regions of the chromosome that are important for regulating binding of chromosomes to the nuclear matrix.
positive control regions	DataType	technical		1	lexical-suffix	SO:0000001	region	region	0.159	A sequence_feature with an extent greater than zero. A nucleotide region is composed of bases and a polypeptide region is composed of amino acids.
positive control regions	DataType	technical		2	lexical-suffix	SO:0000839	polypeptide_region	region	0.207	Biological sequence region that can be assigned to a specific subsequence of a polypeptide.
positive control regions	DataType	technical		3	embedding	SO:0001416	five_prime_flanking_region	five_prime_flanking_region	0.452	A flanking region located five prime of a specific region.
positive control regions	DataType	technical		4	embedding	SO:0001417	three_prime_flanking_region	three_prime_flanking_region	0.432	A flanking region located three prime of a specific region.
positive control regions	DataType	technical		5	embedding	SO:0000626	chromosomal_regulatory_element	chromosomal_regulatory_element	0.421	Regions of the chromosome that are important for regulating binding of chromosomes to the nuclear matrix.
positive control regions	DataType	technical		6	embedding	SO:0001891	regulatory_region_amplification	regulatory_region_amplification	0.415	A feature amplification of a region containing a regulatory region.
positive control regions	DataType	technical		7	embedding	SO:0000239	flanking_region	flanking_region	0.413	The sequences extending on either side of a specific region.
primer sequence	DataType	technical	SO:0000112	1	lexical	SO:0000112	primer	primer sequence	0.575	An oligo to which new deoxyribonucleotides can be added by DNA polymerase.
primer sequence	DataType	technical	SO:0000112	2	embedding	SO:0000107	sequencing_primer	sequencing_primer	0.787	A single stranded oligo used for polymerase chain reaction.
primer sequence	DataType	technical	SO:0000112	3	embedding	SO:0000121	forward_primer	forward_primer	0.731	A single stranded oligo used for polymerase chain reaction.
primer sequence	DataType	technical	SO:0000112	4	embedding	SO:0000132	reverse_primer	reverse_primer	0.720	A single stranded oligo used for polymerase chain reaction.
primer sequence	DataType	technical	SO:0000112	5	embedding	SO:0001698	ASPE_primer	ASPE_primer	0.631	"\""A primer containing an SNV at the 3' end for accurate genotyping."
primer sequence	DataType	technical	SO:0000112	6	embedding	SO:0001472	primer_match	primer_match	0.583	A nucleotide match to a primer sequence.
R2C2 subreads	DataType	technical		1	embedding	SO:0001468	three_prime_RST	three_prime_RST	0.575	A tag produced from a single sequencing read from a 3'-RACE product; typically a few hundred base pairs long.
R2C2 subreads	DataType	technical		2	embedding	SO:0001467	RST	RST	0.561	A tag produced from a single sequencing read from a RACE product; typically a few hundred base pairs long.
R2C2 subreads	DataType	technical		3	embedding	SO:0001469	five_prime_RST	five_prime_RST	0.560	A tag produced from a single sequencing read from a 5'-RACE product; typically a few hundred base pairs long.
R2C2 subreads	DataType	technical		4	embedding	SO:0001930	chloroplast_DNA_read	chloroplast_DNA_read	0.533	A sequencer read of a chloroplast DNA sample.
R2C2 subreads	DataType	technical		5	embedding	SO:0000476	contig_read	contig_read	0.520	A DNA sequencer read which is part of a contig.
raw data	DataType	technical		1	embedding	SO:0001410	experimental_feature	experimental_feature	0.467	A region which is the result of some arbitrary experimental procedure. The procedure may be carried out with biological material or inside a computer.
raw data	DataType	technical		2	embedding	SO:0000813	partially_processed_cDNA_clone	partially_processed_cDNA_clone	0.385	A cDNA invalidated clone by partial processing.
raw data	DataType	technical		3	embedding	SO:0100010	no_output	no_output	0.376	An experimental region wherean analysis has been run and not produced any annotation.
raw data	DataType	technical		4	embedding	SO:0000993	consensus	consensus	0.361	A sequence produced from an aligment algorithm that uses multiple sequences as input.
raw data	DataType	technical		5	embedding	SO:0000416	invalidated_by_partial_processing	invalidated_by_partial_processing	0.351	An attribute to describe a feature that is invalidated due to partial processing.
raw imaging signal	DataType	technical		1	lexical-suffix	SO:0000418	signal_peptide	signal	0.215	The signal_peptide is a short region of the peptide located at the N-terminus that directs the protein to be secreted or part of membrane components.
raw imaging signal	DataType	technical		2	lexical-suffix	SO:0000725	transit_peptide	signal	0.103	The transit_peptide is a short region at the N-terminus of the peptide that directs the protein to an organelle (chloroplast, mitochondrion, microbody or cyanelle).
raw imaging signal	DataType	technical		3	embedding	SO:0001410	experimental_feature	experimental_feature	0.353	A region which is the result of some arbitrary experimental procedure. The procedure may be carried out with biological material or inside a computer.
raw imaging signal	DataType	technical		4	embedding	SO:0000150	read	read	0.270	A sequence obtained from a single sequencing experiment. Typically a read is produced when a base calling program interprets information from a chromatogram trace file produced from a sequencing machine.
raw imaging signal	DataType	technical		5	embedding	SO:0001685	score	score	0.267	The score of an experimentally derived feature such as a p-value.
raw imaging signal	DataType	technical		6	embedding	SO:0000695	reagent	reagent	0.245	A sequence used in experiment.
raw imaging signal	DataType	technical		7	embedding	SO:0000813	partially_processed_cDNA_clone	partially_processed_cDNA_clone	0.239	A cDNA invalidated clone by partial processing.
sequence adapters	DataType	technical		1	embedding	SO:0001425	ligation_based_read	ligation_based_read	0.684	A read produced by ligation based sequencing technologies.
sequence adapters	DataType	technical		2	embedding	SO:0002023	multiplexing_sequence_identifier	multiplexing_sequence_identifier	0.604	A nucleic tag which is used in a ligation step of library preparation process to allow pooling of samples while maintaining ability to identify individual source material and creation of a multiplexed library.
sequence adapters	DataType	technical		3	embedding	SO:0001467	RST	RST	0.533	A tag produced from a single sequencing read from a RACE product; typically a few hundred base pairs long.
sequence adapters	DataType	technical		4	embedding	SO:0001790	paired_end_fragment	paired_end_fragment	0.502	An assembly region that has been sequenced from both ends resulting in a read_pair (mate_pair).
sequence adapters	DataType	technical		5	embedding	SO:0001469	five_prime_RST	five_prime_RST	0.489	A tag produced from a single sequencing read from a 5'-RACE product; typically a few hundred base pairs long.
sequence barcodes	DataType	technical		1	embedding	SO:0002023	multiplexing_sequence_identifier	multiplexing_sequence_identifier	0.705	A nucleic tag which is used in a ligation step of library preparation process to allow pooling of samples while maintaining ability to identify individual source material and creation of a multiplexed library.
sequence barcodes	DataType	technical		2	embedding	SO:0001467	RST	RST	0.504	A tag produced from a single sequencing read from a RACE product; typically a few hundred base pairs long.
sequence barcodes	DataType	technical		3	embedding	SO:0000345	EST	EST	0.504	A tag produced from a single sequencing read from a cDNA clone or PCR product; typically a few hundred base pairs long.
sequence barcodes	DataType	technical		4	embedding	SO:0001469	five_prime_RST	five_prime_RST	0.474	A tag produced from a single sequencing read from a 5'-RACE product; typically a few hundred base pairs long.
sequence barcodes	DataType	technical		5	embedding	SO:0000107	sequencing_primer	sequencing_primer	0.467	A single stranded oligo used for polymerase chain reaction.
spike-ins	DataType	technical		1	embedding	SO:0000013	scRNA	scRNA	0.507	A small non coding RNA sequence, present in the cytoplasm.
spike-ins	DataType	technical		2	embedding	SO:0000274	snRNA	snRNA	0.500	A small nuclear RNA molecule involved in pre-mRNA splicing and processing.
spike-ins	DataType	technical		3	embedding	SO:0000673	transcript	transcript	0.479	An RNA synthesized on a DNA or RNA template by an RNA polymerase.
spike-ins	DataType	technical		4	embedding	SO:0000602	guide_RNA	guide_RNA	0.466	A short 3'-uridylated RNA that can form a duplex (except for its post-transcriptionally added oligo_U tail (SO:0000609)) with a stretch of mature edited mRNA.
spike-ins	DataType	technical		5	embedding	SO:0000636	spliced_leader_RNA	spliced_leader_RNA	0.463	Snall nuclear RNAs that are incorporated into the pre-mRNAs to replace the 5' end in some eukaryotes.
subreads	DataType	technical		1	embedding	SO:0001424	pyrosequenced_read	pyrosequenced_read	0.621	A read produced by pyrosequencing technology.
subreads	DataType	technical		2	embedding	SO:0001467	RST	RST	0.603	A tag produced from a single sequencing read from a RACE product; typically a few hundred base pairs long.
subreads	DataType	technical		3	embedding	SO:0001468	three_prime_RST	three_prime_RST	0.578	A tag produced from a single sequencing read from a 3'-RACE product; typically a few hundred base pairs long.
subreads	DataType	technical		4	embedding	SO:0000476	contig_read	contig_read	0.575	A DNA sequencer read which is part of a contig.
subreads	DataType	technical		5	embedding	SO:0001469	five_prime_RST	five_prime_RST	0.570	A tag produced from a single sequencing read from a 5'-RACE product; typically a few hundred base pairs long.
validation	DataType	technical		1	embedding	SO:0001410	experimental_feature	experimental_feature	0.456	A region which is the result of some arbitrary experimental procedure. The procedure may be carried out with biological material or inside a computer.
validation	DataType	technical		2	embedding	SO:0000312	experimentally_determined	experimentally_determined	0.435	Attribute to describe a feature that has been experimentally verified.
validation	DataType	technical		3	embedding	SO:0000789	validated	validated	0.369	An attribute to describe a feature that has been proven.
validation	DataType	technical		4	embedding	SO:0000703	experimental_result_region	experimental_result_region	0.368	A region of sequence implicated in an experimental result.
validation	DataType	technical		5	embedding	SO:0001684	experimental_feature_attribute	experimental_feature_attribute	0.366	An attribute of an experimentally derived feature.
end position signal	DataType	signal_track		1	lexical-suffix	SO:0000418	signal_peptide	signal	0.330	The signal_peptide is a short region of the peptide located at the N-terminus that directs the protein to be secreted or part of membrane components.
end position signal	DataType	signal_track		2	lexical-suffix	SO:0000725	transit_peptide	signal	0.253	The transit_peptide is a short region at the N-terminus of the peptide that directs the protein to an organelle (chloroplast, mitochondrion, microbody or cyanelle).
end position signal	DataType	signal_track		3	embedding	SO:0001793	clone_end	clone_end	0.554	A read from an end of the clone sequence.
end position signal	DataType	signal_track		4	embedding	SO:0000616	transcription_end_site	transcription_end_site	0.523	The base where transcription ends.
end position signal	DataType	signal_track		5	embedding	SO:0001468	three_prime_RST	three_prime_RST	0.511	A tag produced from a single sequencing read from a 3'-RACE product; typically a few hundred base pairs long.
end position signal	DataType	signal_track		6	embedding	SO:0000319	stop_codon	stop_codon	0.489	In mRNA, a set of three nucleotides that indicates the end of information for protein synthesis. In genomic sequence, a stop codon may be only one or two nucleotides where the additional nucleotides are provided in the RNA via polyadenylation.
end position signal	DataType	signal_track		7	embedding	SO:0000150	read	read	0.480	A sequence obtained from a single sequencing experiment. Typically a read is produced when a base calling program interprets information from a chromatogram trace file produced from a sequencing machine.
modified peptide quantification	DataType	quantification		1	embedding	SO:0001089	post_translationally_modified_region	post_translationally_modified_region	0.642	A region where a transformation occurs in a protein after it has been synthesized. This which may regulate, stabilize, crosslink or introduce new chemical functionalities in the protein.
modified peptide quantification	DataType	quantification		2	embedding	SO:0000469	post_translationally_regulated_by_protein_modification	post_translationally_regulated_by_protein_modification	0.642	An attribute describing a gene sequence where the resulting protein is modified to regulate it.
modified peptide quantification	DataType	quantification		3	embedding	SO:0001394	modified_L_glutamine	modified_L_glutamine	0.606	A post translationally modified glutamine amino acid feature.
modified peptide quantification	DataType	quantification		4	embedding	SO:0001390	modified_L_cysteine	modified_L_cysteine	0.602	A post translationally modified cysteine amino acid feature.
modified peptide quantification	DataType	quantification		5	embedding	SO:0001400	modified_L_lysine	modified_L_lysine	0.593	A post translationally modified lysine amino acid feature.
sparse splice junction count matrix	DataType	count_matrix	edam:data_3917	1	embedding	SO:0000162	splice_site	splice_site	0.487	Consensus region of primary transcript bordering junction of splicing. A region that overlaps exactly 2 base and adjacent_to splice_junction.
sparse splice junction count matrix	DataType	count_matrix	edam:data_3917	2	embedding	SO:0001421	splice_junction	splice_junction	0.464	The boundary between an intron and an exon.
sparse splice junction count matrix	DataType	count_matrix	edam:data_3917	3	embedding	SO:0001474	trans_splice_junction	trans_splice_junction	0.462	The boundary between the spliced leader and the first exon of the mRNA.
sparse splice junction count matrix	DataType	count_matrix	edam:data_3917	4	embedding	SO:0001420	trans_splice_site	trans_splice_site	0.460	Primary transcript region bordering trans-splice junction.
sparse splice junction count matrix	DataType	count_matrix	edam:data_3917	5	embedding	SO:0002079	incomplete_transcript_splice_region_variant	incomplete_transcript_splice_region_variant	0.449	A sequence variant that intersects the splice region of an incompletely annotated transcript.
signals matrix	DataType	count_matrix		1	embedding	SO:0001261	overlapping_feature_set	overlapping_feature_set	0.390	A continuous region of sequence composed of the overlapping of multiple sequence_features, which ultimately provides evidence for another sequence_feature.
signals matrix	DataType	count_matrix		2	embedding	SO:0001685	score	score	0.374	The score of an experimentally derived feature such as a p-value.
signals matrix	DataType	count_matrix		3	embedding	SO:0000326	SAGE_tag	SAGE_tag	0.359	A short diagnostic sequence tag, serial analysis of gene expression (SAGE), that allows the quantitative and simultaneous analysis of a large number of transcripts.
signals matrix	DataType	count_matrix		4	embedding	SO:0000110	sequence_feature	sequence_feature	0.341	Any extent of continuous biological sequence.
signals matrix	DataType	count_matrix		5	embedding	SO:0005851	gene_array	gene_array	0.324	An array includes two or more genes, or two or more gene subarrays, contiguously arranged where the individual genes, or subarrays, are either identical in sequence, or essentially so.
signal profile	DataType	signal_track		1	embedding	SO:0000472	tiling_path	tiling_path	0.426	A set of regions which overlap with minimal polymorphism to form a linear sequence.
signal profile	DataType	signal_track		2	embedding	SO:0001978	signature	signature	0.410	A region of sequence where developer information is encoded.
signal profile	DataType	signal_track		3	embedding	SO:0001645	genetic_marker	genetic_marker	0.394	A measurable sequence feature that varies within a population.
signal profile	DataType	signal_track		4	embedding	SO:0000326	SAGE_tag	SAGE_tag	0.372	A short diagnostic sequence tag, serial analysis of gene expression (SAGE), that allows the quantitative and simultaneous analysis of a large number of transcripts.
signal profile	DataType	signal_track		5	embedding	SO:0001251	STS_map	STS_map	0.364	An STS map is a physical map organized by the unique STS landmarks.
bias profile	DataType	signal_track		1	embedding	SO:0000694	SNP	SNP	0.424	SNPs are single base pair positions in genomic DNA at which different sequence alternatives exist in normal individuals in some population(s), wherein the least frequent variant has an abundance of 1% or greater.
bias profile	DataType	signal_track		2	embedding	SO:0000248	sequence_length_alteration	sequence_length_alteration	0.405	A kind of kind of sequence alteration where the copies of a region present varies across a population.
bias profile	DataType	signal_track		3	embedding	SO:0001551	increased_transcription_rate_variant	increased_transcription_rate_variant	0.384	A sequence variant that increases the rate of transcription with respect to a reference sequence.
bias profile	DataType	signal_track		4	embedding	SO:0002186	mutational_hotspot	mutational_hotspot	0.381	A region of genomic sequence known to undergo mutational events with greater frequency than expected by chance.
bias profile	DataType	signal_track		5	embedding	SO:0000699	junction	junction	0.380	A sequence_feature with an extent of zero.
control profile	DataType	signal_track		1	embedding	SO:0000119	regulated	regulated	0.373	An attribute to describe a sequence that is regulated.
control profile	DataType	signal_track		2	embedding	SO:0001410	experimental_feature	experimental_feature	0.355	A region which is the result of some arbitrary experimental procedure. The procedure may be carried out with biological material or inside a computer.
control profile	DataType	signal_track		3	embedding	SO:0000175	minus_10_signal	minus_10_signal	0.321	A conserved region about 10-bp upstream of the start point of bacterial transcription units which may be involved in binding RNA polymerase; consensus=TAtAaT. This region is associated with sigma factor 70.
control profile	DataType	signal_track		4	embedding	SO:0001917	CAGE_cluster	CAGE_cluster	0.316	A kind of transcription_initiation_cluster defined by the clustering of CAGE tags on a sequence region.
control profile	DataType	signal_track		5	embedding	SO:0000695	reagent	reagent	0.310	A sequence used in experiment.
nuclease cleavage corrected frequency	DataType	chromatin_accessibility		1	embedding	SO:0000322	nuclease_hypersensitive_site	nuclease_hypersensitive_site	0.627	A region of nucleotide sequence targeted by a nuclease enzyme that is found cleaved more than would be expected by chance.
nuclease cleavage corrected frequency	DataType	chromatin_accessibility		2	embedding	SO:0000684	nuclease_sensitive_site	nuclease_sensitive_site	0.568	A region of nucleotide sequence targeted by a nuclease enzyme.
nuclease cleavage corrected frequency	DataType	chromatin_accessibility		3	embedding	SO:0001694	single_strand_restriction_enzyme_cleavage_site	single_strand_restriction_enzyme_cleavage_site	0.511	A restriction enzyme cleavage site whereby only one strand is cut.
nuclease cleavage corrected frequency	DataType	chromatin_accessibility		4	embedding	SO:0002204	nucleotide_cleavage_site	nucleotide_cleavage_site	0.509	A point in nucleic acid where a cleavage event occurs.
nuclease cleavage corrected frequency	DataType	chromatin_accessibility		5	embedding	SO:0001691	blunt_end_restriction_enzyme_cleavage_site	blunt_end_restriction_enzyme_cleavage_site	0.500	A restriction enzyme recognition site that, when cleaved, results in no overhangs.
footprints	FeatureType	chromatin_accessibility		1	embedding	SO:0002331	accessible_DNA_region	accessible_DNA_region	0.634	A region of DNA that is depleted of nucleosomes and accessible to DNA-binding proteins including transcription factors and nucleases.
footprints	FeatureType	chromatin_accessibility		2	embedding	SO:0001697	ChIP_seq_region	ChIP_seq_region	0.600	A region of sequence identified by CHiP seq technology to contain a protein binding site.
footprints	FeatureType	chromatin_accessibility		3	embedding	SO:0000685	DNaseI_hypersensitive_site	DNaseI_hypersensitive_site	0.571	DNA region representing open chromatin structure that is hypersensitive to digestion by DNase I.
footprints	FeatureType	chromatin_accessibility		4	embedding	SO:0002020	boundary_element	boundary_element	0.551	Boundary elements are DNA motifs that prevent heterochromatin from spreading into neighboring euchromatic regions.
footprints	FeatureType	chromatin_accessibility		5	embedding	SO:0001952	promoter_flanking_region	promoter_flanking_region	0.538	A region immediately adjacent to a promoter which may or may not contain transcription factor binding sites.
open chromatin regions	FeatureType	chromatin_accessibility	SO:0001747	1	lexical	SO:0001747	open_chromatin_region	open_chromatin_region	0.575	A DNA sequence that in the normal state of the chromosome corresponds to an unfolded, un-complexed stretch of double-stranded DNA.
open chromatin regions	FeatureType	chromatin_accessibility	SO:0001747	2	embedding	SO:0000685	DNaseI_hypersensitive_site	DNaseI_hypersensitive_site	0.684	DNA region representing open chromatin structure that is hypersensitive to digestion by DNase I.
open chromatin regions	FeatureType	chromatin_accessibility	SO:0001747	3	embedding	SO:0002331	accessible_DNA_region	accessible_DNA_region	0.637	A region of DNA that is depleted of nucleosomes and accessible to DNA-binding proteins including transcription factors and nucleases.
open chromatin regions	FeatureType	chromatin_accessibility	SO:0001747	4	embedding	SO:0001697	ChIP_seq_region	ChIP_seq_region	0.617	A region of sequence identified by CHiP seq technology to contain a protein binding site.
open chromatin regions	FeatureType	chromatin_accessibility	SO:0001747	5	embedding	SO:0002306	chromatin_regulatory_region	chromatin_regulatory_region	0.528	A region of a chromosome where regulatory events occur, including epigenetic modifications. These epigenetic modifications can include nucleosome modifications and post-replicational DNA modifications.
open chromatin regions	FeatureType	chromatin_accessibility	SO:0001747	6	embedding	SO:0000627	insulator	insulator	0.432	A regulatory region that 1) when located between a CRM and a gene's promoter prevents the CRM from modulating that genes expression and 2) acts as a chromatin boundary element or barrier that can block the encroachment of condensed chromatin from an adjacent region.
chromatin stripes	FeatureType	contact_matrix		1	embedding	SO:0002308	DNA_loop_anchor	DNA_loop_anchor	0.658	The ends of a DNA loop where the two strands of DNA are held in close physical proximity. During interphase the anchors of DNA loops are convergently oriented CTCF binding sites.
chromatin stripes	FeatureType	contact_matrix		2	embedding	SO:0002307	DNA_loop	DNA_loop	0.619	A region of DNA between two loop anchor positions that are held in close physical proximity.
chromatin stripes	FeatureType	contact_matrix		3	embedding	SO:0002305	topologically_associated_domain_boundary	topologically_associated_domain_boundary	0.566	A DNA region enriched in DNA loop anchors and across which DNA loops occur less often than expected by chance.
chromatin stripes	FeatureType	contact_matrix		4	embedding	SO:0002020	boundary_element	boundary_element	0.529	Boundary elements are DNA motifs that prevent heterochromatin from spreading into neighboring euchromatic regions.
chromatin stripes	FeatureType	contact_matrix		5	embedding	SO:0002304	topologically_associated_domain	topologically_associated_domain	0.482	An instance of a self-interacting DNA region flanked by left and right TAD boundaries.
contact domains	FeatureType	contact_matrix	SO:0002304	1	lexical-suffix	SO:0000417	polypeptide_domain	domain	0.294	A structurally or functionally defined protein region. In proteins with multiple domains, the combination of the domains determines the function of the protein. A region which has been shown to recur throughout evolution.
contact domains	FeatureType	contact_matrix	SO:0002304	2	embedding	SO:0002304	topologically_associated_domain	topologically_associated_domain	0.703	An instance of a self-interacting DNA region flanked by left and right TAD boundaries.
contact domains	FeatureType	contact_matrix	SO:0002304	3	embedding	SO:0002305	topologically_associated_domain_boundary	topologically_associated_domain_boundary	0.589	A DNA region enriched in DNA loop anchors and across which DNA loops occur less often than expected by chance.
contact domains	FeatureType	contact_matrix	SO:0002304	4	embedding	SO:0001412	topologically_defined_region	topologically_defined_region	0.506	A DNA region within which self-interaction occurs more often than expected by chance because of DNA-looping.
contact domains	FeatureType	contact_matrix	SO:0002304	5	embedding	SO:0002308	DNA_loop_anchor	DNA_loop_anchor	0.418	The ends of a DNA loop where the two strands of DNA are held in close physical proximity. During interphase the anchors of DNA loops are convergently oriented CTCF binding sites.
contact domains	FeatureType	contact_matrix	SO:0002304	6	embedding	SO:0002020	boundary_element	boundary_element	0.396	Boundary elements are DNA motifs that prevent heterochromatin from spreading into neighboring euchromatic regions.
genome compartments	FeatureType	contact_matrix		1	embedding	SO:0000626	chromosomal_regulatory_element	chromosomal_regulatory_element	0.425	Regions of the chromosome that are important for regulating binding of chromosomes to the nuclear matrix.
genome compartments	FeatureType	contact_matrix		2	embedding	SO:0000685	DNaseI_hypersensitive_site	DNaseI_hypersensitive_site	0.421	DNA region representing open chromatin structure that is hypersensitive to digestion by DNase I.
genome compartments	FeatureType	contact_matrix		3	embedding	SO:0002020	boundary_element	boundary_element	0.416	Boundary elements are DNA motifs that prevent heterochromatin from spreading into neighboring euchromatic regions.
genome compartments	FeatureType	contact_matrix		4	embedding	SO:0001747	open_chromatin_region	open_chromatin_region	0.415	A DNA sequence that in the normal state of the chromosome corresponds to an unfolded, un-complexed stretch of double-stranded DNA.
genome compartments	FeatureType	contact_matrix		5	embedding	SO:0002304	topologically_associated_domain	topologically_associated_domain	0.412	An instance of a self-interacting DNA region flanked by left and right TAD boundaries.
genome subcompartments	FeatureType	contact_matrix		1	embedding	SO:0000065	free_chromosome_arm	free_chromosome_arm	0.370	A chromosome structure variation whereby an arm exists as an individual chromosome element.
genome subcompartments	FeatureType	contact_matrix		2	embedding	SO:0002020	boundary_element	boundary_element	0.369	Boundary elements are DNA motifs that prevent heterochromatin from spreading into neighboring euchromatic regions.
genome subcompartments	FeatureType	contact_matrix		3	embedding	SO:0001796	regional_centromere_central_core	regional_centromere_central_core	0.367	A conserved region within the central region of a modular centromere, where the kinetochore is formed.
genome subcompartments	FeatureType	contact_matrix		4	embedding	SO:0001509	chromosomal_variation_attribute	chromosomal_variation_attribute	0.359	An attribute of a change in the structure or number of a chromosomes.
genome subcompartments	FeatureType	contact_matrix		5	embedding	SO:0001795	regional_centromere	regional_centromere	0.358	A regional centromere is a large modular centromere found in fission yeast and higher eukaryotes. It consist of a central core region flanked by inverted inner and outer repeat regions.
loops	FeatureType	contact_matrix	SO:0002307	1	lexical	SO:0002254	loop	loop	0.276	The loop portion of a stem loop, which is not folded back upon itself. 
loops	FeatureType	contact_matrix	SO:0002307	2	embedding	SO:0002308	DNA_loop_anchor	DNA_loop_anchor	0.624	The ends of a DNA loop where the two strands of DNA are held in close physical proximity. During interphase the anchors of DNA loops are convergently oriented CTCF binding sites.
loops	FeatureType	contact_matrix	SO:0002307	3	embedding	SO:0002307	DNA_loop	DNA_loop	0.617	A region of DNA between two loop anchor positions that are held in close physical proximity.
loops	FeatureType	contact_matrix	SO:0002307	4	embedding	SO:0002305	topologically_associated_domain_boundary	topologically_associated_domain_boundary	0.517	A DNA region enriched in DNA loop anchors and across which DNA loops occur less often than expected by chance.
loops	FeatureType	contact_matrix	SO:0002307	5	embedding	SO:0000626	chromosomal_regulatory_element	chromosomal_regulatory_element	0.509	Regions of the chromosome that are important for regulating binding of chromosomes to the nuclear matrix.
loops	FeatureType	contact_matrix	SO:0002307	6	embedding	SO:0001888	TFBS_fusion	TFBS_fusion	0.505	A fusion where the deletion brings together transcription factor binding sites.
nested contact domains	FeatureType	contact_matrix		1	lexical-suffix	SO:0000417	polypeptide_domain	domain	0.371	A structurally or functionally defined protein region. In proteins with multiple domains, the combination of the domains determines the function of the protein. A region which has been shown to recur throughout evolution.
nested contact domains	FeatureType	contact_matrix		2	embedding	SO:0002304	topologically_associated_domain	topologically_associated_domain	0.531	An instance of a self-interacting DNA region flanked by left and right TAD boundaries.
nested contact domains	FeatureType	contact_matrix		3	embedding	SO:0002305	topologically_associated_domain_boundary	topologically_associated_domain_boundary	0.471	A DNA region enriched in DNA loop anchors and across which DNA loops occur less often than expected by chance.
nested contact domains	FeatureType	contact_matrix		4	embedding	SO:0001412	topologically_defined_region	topologically_defined_region	0.427	A DNA region within which self-interaction occurs more often than expected by chance because of DNA-looping.
nested contact domains	FeatureType	contact_matrix		5	embedding	SO:0002020	boundary_element	boundary_element	0.389	Boundary elements are DNA motifs that prevent heterochromatin from spreading into neighboring euchromatic regions.
nested contact domains	FeatureType	contact_matrix		6	embedding	SO:0001795	regional_centromere	regional_centromere	0.361	A regional centromere is a large modular centromere found in fission yeast and higher eukaryotes. It consist of a central core region flanked by inverted inner and outer repeat regions.
CpG sites coverage	FeatureType	dna_methylation		1	embedding	SO:0000307	CpG_island	CpG_island	0.604	Regions of a few hundred to a few thousand bases in vertebrate genomes that are relatively GC and CpG rich; they are typically unmethylated and often found near the 5' ends of genes.
CpG sites coverage	FeatureType	dna_methylation		2	embedding	SO:0001487	high_quality_draft	high_quality_draft	0.437	The status of a whole genome sequence, where overall coverage represents at least 90 percent of the genome.
CpG sites coverage	FeatureType	dna_methylation		3	embedding	SO:0001931	consensus_gDNA	consensus_gDNA	0.418	Genomic DNA sequence produced from some base calling or alignment algorithm which uses aligned or assembled multiple gDNA sequences as input.
CpG sites coverage	FeatureType	dna_methylation		4	embedding	SO:0001425	ligation_based_read	ligation_based_read	0.416	A read produced by ligation based sequencing technologies.
CpG sites coverage	FeatureType	dna_methylation		5	embedding	SO:0001697	ChIP_seq_region	ChIP_seq_region	0.406	A region of sequence identified by CHiP seq technology to contain a protein binding site.
methylated reads	FeatureType	dna_methylation		1	lexical-suffix	SO:0000150	read	read	0.410	A sequence obtained from a single sequencing experiment. Typically a read is produced when a base calling program interprets information from a chromatogram trace file produced from a sequencing machine.
methylated reads	FeatureType	dna_methylation		2	embedding	SO:0000895	silenced_by_DNA_methylation	silenced_by_DNA_methylation	0.532	An attribute describing an epigenetic process where a gene is inactivated by DNA methylation, resulting in repression of transcription.
methylated reads	FeatureType	dna_methylation		3	embedding	SO:0000306	methylated_DNA_base_feature	methylated_DNA_base_feature	0.520	A nucleotide modified by methylation.
methylated reads	FeatureType	dna_methylation		4	embedding	SO:0000114	methylated_cytosine	methylated_cytosine	0.502	A methylated deoxy-cytosine.
methylated reads	FeatureType	dna_methylation		5	embedding	SO:0001425	ligation_based_read	ligation_based_read	0.478	A read produced by ligation based sequencing technologies.
methylated reads	FeatureType	dna_methylation		6	embedding	SO:0001828	genomic_DNA_read	genomic_DNA_read	0.474	A sequencer read of a genomic DNA substrate.
methylation state at CHG	FeatureType	dna_methylation		1	embedding	SO:0000306	methylated_DNA_base_feature	methylated_DNA_base_feature	0.603	A nucleotide modified by methylation.
methylation state at CHG	FeatureType	dna_methylation		2	embedding	SO:0000114	methylated_cytosine	methylated_cytosine	0.578	A methylated deoxy-cytosine.
methylation state at CHG	FeatureType	dna_methylation		3	embedding	SO:0001963	modified_cytosine	modified_cytosine	0.571	A modified cytosine DNA base feature.
methylation state at CHG	FeatureType	dna_methylation		4	embedding	SO:0001918	5_methylcytosine	5_methylcytosine	0.557	A cytosine methylated at the 5 carbon.
methylation state at CHG	FeatureType	dna_methylation		5	embedding	SO:0001919	4_methylcytosine	4_methylcytosine	0.550	A cytosine methylated at the 4 nitrogen.
methylation state at CHH	FeatureType	dna_methylation		1	embedding	SO:0000114	methylated_cytosine	methylated_cytosine	0.618	A methylated deoxy-cytosine.
methylation state at CHH	FeatureType	dna_methylation		2	embedding	SO:0000306	methylated_DNA_base_feature	methylated_DNA_base_feature	0.613	A nucleotide modified by methylation.
methylation state at CHH	FeatureType	dna_methylation		3	embedding	SO:0001701	histone_methylation_site	histone_methylation_site	0.591	A histone modification site where the modification is the methylation of the residue.
methylation state at CHH	FeatureType	dna_methylation		4	embedding	SO:0000895	silenced_by_DNA_methylation	silenced_by_DNA_methylation	0.573	An attribute describing an epigenetic process where a gene is inactivated by DNA methylation, resulting in repression of transcription.
methylation state at CHH	FeatureType	dna_methylation		5	embedding	SO:0001720	epigenetically_modified_region	epigenetically_modified_region	0.552	A biological DNA region implicated in epigenomic changes caused by mechanisms other than changes in the underlying DNA sequence. This includes, nucleosomal histone post-translational modifications, nucleosome depletion to render DNA accessible and post-replicational base modifications such as cytosi
methylation state at CpG	FeatureType	dna_methylation		1	embedding	SO:0000114	methylated_cytosine	methylated_cytosine	0.678	A methylated deoxy-cytosine.
methylation state at CpG	FeatureType	dna_methylation		2	embedding	SO:0000307	CpG_island	CpG_island	0.661	Regions of a few hundred to a few thousand bases in vertebrate genomes that are relatively GC and CpG rich; they are typically unmethylated and often found near the 5' ends of genes.
methylation state at CpG	FeatureType	dna_methylation		3	embedding	SO:0000895	silenced_by_DNA_methylation	silenced_by_DNA_methylation	0.630	An attribute describing an epigenetic process where a gene is inactivated by DNA methylation, resulting in repression of transcription.
methylation state at CpG	FeatureType	dna_methylation		4	embedding	SO:0000129	gene_silenced_by_DNA_methylation	gene_silenced_by_DNA_methylation	0.622	A gene that is silenced by DNA methylation.
methylation state at CpG	FeatureType	dna_methylation		5	embedding	SO:0001701	histone_methylation_site	histone_methylation_site	0.596	A histone modification site where the modification is the methylation of the residue.
smoothed methylation state at CpG	FeatureType	dna_methylation		1	embedding	SO:0000307	CpG_island	CpG_island	0.557	Regions of a few hundred to a few thousand bases in vertebrate genomes that are relatively GC and CpG rich; they are typically unmethylated and often found near the 5' ends of genes.
smoothed methylation state at CpG	FeatureType	dna_methylation		2	embedding	SO:0000306	methylated_DNA_base_feature	methylated_DNA_base_feature	0.464	A nucleotide modified by methylation.
smoothed methylation state at CpG	FeatureType	dna_methylation		3	embedding	SO:0000895	silenced_by_DNA_methylation	silenced_by_DNA_methylation	0.455	An attribute describing an epigenetic process where a gene is inactivated by DNA methylation, resulting in repression of transcription.
smoothed methylation state at CpG	FeatureType	dna_methylation		4	embedding	SO:0000129	gene_silenced_by_DNA_methylation	gene_silenced_by_DNA_methylation	0.434	A gene that is silenced by DNA methylation.
smoothed methylation state at CpG	FeatureType	dna_methylation		5	embedding	SO:0000114	methylated_cytosine	methylated_cytosine	0.421	A methylated deoxy-cytosine.
candidate Cis-Regulatory Elements	FeatureType	regulatory_element		1	embedding	SO:0000727	cis_regulatory_module	cis_regulatory_module	0.574	A regulatory region where transcription factor binding sites are clustered to regulate various aspects of transcription activities. (CRMs can be located a few kb to hundreds of kb upstream of the core promoter, in the coding sequence, within introns, or in the untranslated regions (UTR) sequences, a
candidate Cis-Regulatory Elements	FeatureType	regulatory_element		2	embedding	SO:0000627	insulator	insulator	0.572	A regulatory region that 1) when located between a CRM and a gene's promoter prevents the CRM from modulating that genes expression and 2) acts as a chromatin boundary element or barrier that can block the encroachment of condensed chromatin from an adjacent region.
candidate Cis-Regulatory Elements	FeatureType	regulatory_element		3	embedding	SO:0002190	enhancer_blocking_element	enhancer_blocking_element	0.559	A transcriptional cis regulatory region that when located between an enhancer and a gene's promoter prevents the enhancer from modulating the expression of the gene. Sometimes referred to as an insulator but may not include the barrier function of an insulator.
candidate Cis-Regulatory Elements	FeatureType	regulatory_element		4	embedding	SO:0002382	range_extender_element	range_extender_element	0.522	A conserved cis-acting element that confers extreme-distance regulatory activity to an enhancer.
candidate Cis-Regulatory Elements	FeatureType	regulatory_element		5	embedding	SO:0001678	regulatory_promoter_element	regulatory_promoter_element	0.521	A promoter element that is not part of the core promoter, but provides the promoter with a specific regulatory region.
candidate enhancers	FeatureType	regulatory_element		1	lexical-suffix	SO:0000165	enhancer	enhancer	0.381	A cis-acting sequence that increases the utilization of (some) eukaryotic promoters, and can function in either orientation and in any location (upstream or downstream) relative to the promoter.
candidate enhancers	FeatureType	regulatory_element		2	embedding	SO:0000683	exonic_splice_enhancer	exonic_splice_enhancer	0.469	Exonic splicing enhancers (ESEs) facilitate exon definition by assisting in the recruitment of splicing factors to the adjacent intron.
candidate enhancers	FeatureType	regulatory_element		3	embedding	SO:0002306	chromatin_regulatory_region	chromatin_regulatory_region	0.469	A region of a chromosome where regulatory events occur, including epigenetic modifications. These epigenetic modifications can include nucleosome modifications and post-replicational DNA modifications.
candidate enhancers	FeatureType	regulatory_element		4	embedding	SO:0000166	enhancer_bound_by_factor	enhancer_bound_by_factor	0.469	An enhancer bound by a factor.
candidate enhancers	FeatureType	regulatory_element		5	embedding	SO:0000685	DNaseI_hypersensitive_site	DNaseI_hypersensitive_site	0.467	DNA region representing open chromatin structure that is hypersensitive to digestion by DNase I.
candidate enhancers	FeatureType	regulatory_element		6	embedding	SO:0001697	ChIP_seq_region	ChIP_seq_region	0.439	A region of sequence identified by CHiP seq technology to contain a protein binding site.
candidate promoters	FeatureType	regulatory_element		1	lexical-suffix	SO:0000167	promoter	promoter	0.506	A regulatory_region composed of the TSS(s) and binding sites for TF_complexes of the core transcription machinery. A region (DNA) to which RNA polymerase binds, to begin transcription.
candidate promoters	FeatureType	regulatory_element		2	embedding	SO:0001952	promoter_flanking_region	promoter_flanking_region	0.532	A region immediately adjacent to a promoter which may or may not contain transcription factor binding sites.
candidate promoters	FeatureType	regulatory_element		3	embedding	SO:0001915	transcription_start_cluster	transcription_start_cluster	0.502	A region defined by a cluster of experimentally determined transcription starting sites.
candidate promoters	FeatureType	regulatory_element		4	embedding	SO:0002301	transcription_unit	transcription_unit	0.495	DNA regions delimited by different nonspurious TSS-TTS pairs.
candidate promoters	FeatureType	regulatory_element		5	embedding	SO:0002309	core_promoter_element	core_promoter_element	0.478	An element that always exists within the promoter region of a gene. When multiple transcripts exist for a gene, the separate transcripts may have separate core_promoter_elements.
candidate promoters	FeatureType	regulatory_element		6	embedding	SO:0001670	distal_promoter_element	distal_promoter_element	0.471	A regulatory promoter element that is distal from the TSS.
curated binding sites	FeatureType	regulatory_element		1	lexical-suffix	SO:0000409	binding_site	binding_site	0.314	A biological_region of sequence that, in the molecule, interacts selectively and non-covalently with other molecules. A region on the surface of a molecule that may interact with another molecule. When applied to polypeptides: Amino acids involved in binding or interactions. It can also apply to an 
curated binding sites	FeatureType	regulatory_element		2	embedding	SO:0000235	TF_binding_site	TF_binding_site	0.542	A DNA site where a transcription factor binds.
curated binding sites	FeatureType	regulatory_element		3	embedding	SO:0001974	CTCF_binding_site	CTCF_binding_site	0.528	A transcription factor binding site with consensus sequence CCGCGNGGNGGCAG, bound by CCCTF-binding factor.
curated binding sites	FeatureType	regulatory_element		4	embedding	SO:0001888	TFBS_fusion	TFBS_fusion	0.487	A fusion where the deletion brings together transcription factor binding sites.
curated binding sites	FeatureType	regulatory_element		5	embedding	SO:0001782	TF_binding_site_variant	TF_binding_site_variant	0.480	A sequence variant located within a transcription factor binding site.
curated binding sites	FeatureType	regulatory_element		6	embedding	SO:0001697	ChIP_seq_region	ChIP_seq_region	0.477	A region of sequence identified by CHiP seq technology to contain a protein binding site.
enhancer validation	FeatureType	regulatory_element		1	embedding	SO:0000312	experimentally_determined	experimentally_determined	0.419	Attribute to describe a feature that has been experimentally verified.
enhancer validation	FeatureType	regulatory_element		2	embedding	SO:0000683	exonic_splice_enhancer	exonic_splice_enhancer	0.405	Exonic splicing enhancers (ESEs) facilitate exon definition by assisting in the recruitment of splicing factors to the adjacent intron.
enhancer validation	FeatureType	regulatory_element		3	embedding	SO:0000703	experimental_result_region	experimental_result_region	0.405	A region of sequence implicated in an experimental result.
enhancer validation	FeatureType	regulatory_element		4	embedding	SO:0002190	enhancer_blocking_element	enhancer_blocking_element	0.395	A transcriptional cis regulatory region that when located between an enhancer and a gene's promoter prevents the enhancer from modulating the expression of the gene. Sometimes referred to as an insulator but may not include the barrier function of an insulator.
enhancer validation	FeatureType	regulatory_element		5	embedding	SO:0002139	unconfirmed_transcript	unconfirmed_transcript	0.393	This is used for non-spliced EST clusters that have polyA features. This category has been specifically created for the ENCODE project to highlight regions that could indicate the presence of protein coding genes that require experimental validation, either by 5' RACE or RT-PCR to extend the transcr
enhancers reference	FeatureType	regulatory_element		1	embedding	SO:0002297	TFRS_collection	TFRS_collection	0.503	The possible discontinous stretch of DNA that encompass all the TFRSs that regulate a promoter.
enhancers reference	FeatureType	regulatory_element		2	embedding	SO:0001479	enhancer_trap_construct	enhancer_trap_construct	0.482	An enhancer trap construct is a type of engineered plasmid which is designed to integrate into a genome and express a reporter when the expression from a basic minimal promoter is enhanced by genomic enhancer elements. Enhancer traps contain promoter elements and are not usually mutagenic.
enhancers reference	FeatureType	regulatory_element		3	embedding	SO:0002382	range_extender_element	range_extender_element	0.479	A conserved cis-acting element that confers extreme-distance regulatory activity to an enhancer.
enhancers reference	FeatureType	regulatory_element		4	embedding	SO:0001505	reference_genome	reference_genome	0.478	A collection of sequences (often chromosomes) taken as the standard for a given organism and genome assembly.
enhancers reference	FeatureType	regulatory_element		5	embedding	SO:0000344	splice_enhancer	splice_enhancer	0.475	Region of a transcript that regulates splicing.
polyA sites	FeatureType	regulatory_element	SO:0000553	1	lexical	SO:0000553	polyA_site	polyA_site	0.832	The site on an RNA transcript to which will be added adenine residues by post-transcriptional polyadenylation. The boundary between the UTR and the polyA sequence.
polyA sites	FeatureType	regulatory_element	SO:0000553	2	embedding	SO:0000551	polyA_signal_sequence	polyA_signal_sequence	0.772	The recognition sequence necessary for endonuclease cleavage of an RNA transcript that is followed by polyadenylation; consensus=AATAAA.
polyA sites	FeatureType	regulatory_element	SO:0000553	3	embedding	SO:0000871	polyadenylated_mRNA	polyadenylated_mRNA	0.736	An mRNA that is polyadenylated.
polyA sites	FeatureType	regulatory_element	SO:0000553	4	embedding	SO:0002259	polyA_site_cluster	polyA_site_cluster	0.724	A region defined by a cluster of experimentally determined polyadenylation sites, typically less than 25 bp in length and associated with a single polyadenylation signal.
polyA sites	FeatureType	regulatory_element	SO:0000553	5	embedding	SO:0000610	polyA_sequence	polyA_sequence	0.713	Sequence of about 100 nucleotides of A added to the 3' end of most eukaryotic mRNAs.
polyA sites	FeatureType	regulatory_element	SO:0000553	6	embedding	SO:0000246	polyadenylated	polyadenylated	0.685	A attribute describing the addition of a poly A tail to the 3' end of a mRNA molecule.
predicted enhancers	FeatureType	regulatory_element		1	lexical-suffix	SO:0000165	enhancer	enhancer	0.442	A cis-acting sequence that increases the utilization of (some) eukaryotic promoters, and can function in either orientation and in any location (upstream or downstream) relative to the promoter.
predicted enhancers	FeatureType	regulatory_element		2	embedding	SO:0000683	exonic_splice_enhancer	exonic_splice_enhancer	0.463	Exonic splicing enhancers (ESEs) facilitate exon definition by assisting in the recruitment of splicing factors to the adjacent intron.
predicted enhancers	FeatureType	regulatory_element		3	embedding	SO:0001479	enhancer_trap_construct	enhancer_trap_construct	0.451	An enhancer trap construct is a type of engineered plasmid which is designed to integrate into a genome and express a reporter when the expression from a basic minimal promoter is enhanced by genomic enhancer elements. Enhancer traps contain promoter elements and are not usually mutagenic.
predicted enhancers	FeatureType	regulatory_element		4	embedding	SO:0000166	enhancer_bound_by_factor	enhancer_bound_by_factor	0.449	An enhancer bound by a factor.
predicted enhancers	FeatureType	regulatory_element		5	embedding	SO:0002382	range_extender_element	range_extender_element	0.448	A conserved cis-acting element that confers extreme-distance regulatory activity to an enhancer.
predicted enhancers	FeatureType	regulatory_element		6	embedding	SO:0002190	enhancer_blocking_element	enhancer_blocking_element	0.437	A transcriptional cis regulatory region that when located between an enhancer and a gene's promoter prevents the enhancer from modulating the expression of the gene. Sometimes referred to as an insulator but may not include the barrier function of an insulator.
promoters reference	FeatureType	regulatory_element		1	embedding	SO:0002309	core_promoter_element	core_promoter_element	0.593	An element that always exists within the promoter region of a gene. When multiple transcripts exist for a gene, the separate transcripts may have separate core_promoter_elements.
promoters reference	FeatureType	regulatory_element		2	embedding	SO:0002312	core_prokaryotic_promoter_element	core_prokaryotic_promoter_element	0.591	An element that always exists within the promoter region of a prokaryotic gene.
promoters reference	FeatureType	regulatory_element		3	embedding	SO:0002297	TFRS_collection	TFRS_collection	0.584	The possible discontinous stretch of DNA that encompass all the TFRSs that regulate a promoter.
promoters reference	FeatureType	regulatory_element		4	embedding	SO:0001678	regulatory_promoter_element	regulatory_promoter_element	0.583	A promoter element that is not part of the core promoter, but provides the promoter with a specific regulatory region.
promoters reference	FeatureType	regulatory_element		5	embedding	SO:0000167	promoter	promoter	0.581	A regulatory_region composed of the TSS(s) and binding sites for TF_complexes of the core transcription machinery. A region (DNA) to which RNA polymerase binds, to begin transcription.
regulatory elements	FeatureType	regulatory_element		1	embedding	SO:0002190	enhancer_blocking_element	enhancer_blocking_element	0.655	A transcriptional cis regulatory region that when located between an enhancer and a gene's promoter prevents the enhancer from modulating the expression of the gene. Sometimes referred to as an insulator but may not include the barrier function of an insulator.
regulatory elements	FeatureType	regulatory_element		2	embedding	SO:0000627	insulator	insulator	0.648	A regulatory region that 1) when located between a CRM and a gene's promoter prevents the CRM from modulating that genes expression and 2) acts as a chromatin boundary element or barrier that can block the encroachment of condensed chromatin from an adjacent region.
regulatory elements	FeatureType	regulatory_element		3	embedding	SO:0001678	regulatory_promoter_element	regulatory_promoter_element	0.611	A promoter element that is not part of the core promoter, but provides the promoter with a specific regulatory region.
regulatory elements	FeatureType	regulatory_element		4	embedding	SO:0000626	chromosomal_regulatory_element	chromosomal_regulatory_element	0.581	Regions of the chromosome that are important for regulating binding of chromosomes to the nuclear matrix.
regulatory elements	FeatureType	regulatory_element		5	embedding	SO:0000727	cis_regulatory_module	cis_regulatory_module	0.578	A regulatory region where transcription factor binding sites are clustered to regulate various aspects of transcription activities. (CRMs can be located a few kb to hundreds of kb upstream of the core promoter, in the coding sequence, within introns, or in the untranslated regions (UTR) sequences, a
transcription start sites	FeatureType	regulatory_element	SO:0000315	1	lexical	SO:0000315	TSS	transcription start site	0.557	The first base where RNA polymerase begins to synthesize the RNA transcript.
transcription start sites	FeatureType	regulatory_element	SO:0000315	2	embedding	SO:0001915	transcription_start_cluster	transcription_start_cluster	0.717	A region defined by a cluster of experimentally determined transcription starting sites.
transcription start sites	FeatureType	regulatory_element	SO:0000315	3	embedding	SO:0001241	encodes_alternate_transcription_start_sites	encodes_alternate_transcription_start_sites	0.664	A gene that has multiple possible transcription start sites.
transcription start sites	FeatureType	regulatory_element	SO:0000315	4	embedding	SO:0001238	major_TSS	major_TSS	0.652	The tanscription start site that is most frequently used for transcription of a gene.
transcription start sites	FeatureType	regulatory_element	SO:0000315	5	embedding	SO:0001916	CAGE_tag	CAGE_tag	0.645	A CAGE tag is a sequence tag hat corresponds to 5' ends of mRNA at cap sites, produced by cap analysis gene expression and used to identify transcriptional start sites.
transcription start sites	FeatureType	regulatory_element	SO:0000315	6	embedding	SO:0000616	transcription_end_site	transcription_end_site	0.586	The base where transcription ends.
TSS reference	FeatureType	regulatory_element		1	embedding	SO:0001915	transcription_start_cluster	transcription_start_cluster	0.752	A region defined by a cluster of experimentally determined transcription starting sites.
TSS reference	FeatureType	regulatory_element		2	embedding	SO:0001238	major_TSS	major_TSS	0.695	The tanscription start site that is most frequently used for transcription of a gene.
TSS reference	FeatureType	regulatory_element		3	embedding	SO:0001241	encodes_alternate_transcription_start_sites	encodes_alternate_transcription_start_sites	0.687	A gene that has multiple possible transcription start sites.
TSS reference	FeatureType	regulatory_element		4	embedding	SO:0002301	transcription_unit	transcription_unit	0.643	DNA regions delimited by different nonspurious TSS-TTS pairs.
TSS reference	FeatureType	regulatory_element		5	embedding	SO:0002311	viral_promoter	viral_promoter	0.606	A regulatory_region including the Transcription Start Site (TSS) of a gene found in genes of viruses.
element gene interactions p-value	FeatureType	element_gene_linkage		1	embedding	SO:0001868	positional_candidate_gene	positional_candidate_gene	0.419	A candidate gene whose association with a trait is based on the gene's location on a chromosome.
element gene interactions p-value	FeatureType	element_gene_linkage		2	embedding	SO:0001867	candidate_gene	candidate_gene	0.415	A gene suspected of being involved in the expression of a trait.
element gene interactions p-value	FeatureType	element_gene_linkage		3	embedding	SO:0000842	gene_component_region	gene_component_region	0.396	A region of a gene that has a specific function.
element gene interactions p-value	FeatureType	element_gene_linkage		4	embedding	SO:0001659	promoter_element	promoter_element	0.377	An element that can exist within the promoter region of a gene.
element gene interactions p-value	FeatureType	element_gene_linkage		5	embedding	SO:0001869	functional_candidate_gene	functional_candidate_gene	0.368	A candidate gene whose function has something in common biologically with the trait under investigation.
element gene interactions signal	FeatureType	element_gene_linkage		1	lexical-suffix	SO:0000418	signal_peptide	signal	0.220	The signal_peptide is a short region of the peptide located at the N-terminus that directs the protein to be secreted or part of membrane components.
element gene interactions signal	FeatureType	element_gene_linkage		2	lexical-suffix	SO:0000725	transit_peptide	signal	0.135	The transit_peptide is a short region at the N-terminus of the peptide that directs the protein to an organelle (chloroplast, mitochondrion, microbody or cyanelle).
element gene interactions signal	FeatureType	element_gene_linkage		3	embedding	SO:0001867	candidate_gene	candidate_gene	0.411	A gene suspected of being involved in the expression of a trait.
element gene interactions signal	FeatureType	element_gene_linkage		4	embedding	SO:0000842	gene_component_region	gene_component_region	0.410	A region of a gene that has a specific function.
element gene interactions signal	FeatureType	element_gene_linkage		5	embedding	SO:0002205	response_element	response_element	0.401	A regulatory element that acts in response to a stimulus, usually via transcription factor binding.
element gene interactions signal	FeatureType	element_gene_linkage		6	embedding	SO:0001039	integrated_mobile_genetic_element	integrated_mobile_genetic_element	0.396	An MGE that is integrated into the host chromosome.
element gene interactions signal	FeatureType	element_gene_linkage		7	embedding	SO:0001868	positional_candidate_gene	positional_candidate_gene	0.394	A candidate gene whose association with a trait is based on the gene's location on a chromosome.
element gene links	FeatureType	element_gene_linkage		1	embedding	SO:0000727	cis_regulatory_module	cis_regulatory_module	0.588	A regulatory region where transcription factor binding sites are clustered to regulate various aspects of transcription activities. (CRMs can be located a few kb to hundreds of kb upstream of the core promoter, in the coding sequence, within introns, or in the untranslated regions (UTR) sequences, a
element gene links	FeatureType	element_gene_linkage		2	embedding	SO:0002382	range_extender_element	range_extender_element	0.562	A conserved cis-acting element that confers extreme-distance regulatory activity to an enhancer.
element gene links	FeatureType	element_gene_linkage		3	embedding	SO:0000626	chromosomal_regulatory_element	chromosomal_regulatory_element	0.562	Regions of the chromosome that are important for regulating binding of chromosomes to the nuclear matrix.
element gene links	FeatureType	element_gene_linkage		4	embedding	SO:0002190	enhancer_blocking_element	enhancer_blocking_element	0.533	A transcriptional cis regulatory region that when located between an enhancer and a gene's promoter prevents the enhancer from modulating the expression of the gene. Sometimes referred to as an insulator but may not include the barrier function of an insulator.
element gene links	FeatureType	element_gene_linkage		5	embedding	SO:0000704	gene	gene	0.516	A region (or regions) that includes all of the sequence elements necessary to encode a functional transcript. A gene may include regulatory regions, transcribed regions and/or other functional sequence regions.
topic gene weights	FeatureType	element_gene_linkage		1	embedding	SO:0001685	score	score	0.346	The score of an experimentally derived feature such as a p-value.
topic gene weights	FeatureType	element_gene_linkage		2	embedding	SO:0000401	gene_attribute	gene_attribute	0.341	An attribute describing a gene.
topic gene weights	FeatureType	element_gene_linkage		3	embedding	SO:0000067	gene_to_gene_feature	gene_to_gene_feature	0.329	
topic gene weights	FeatureType	element_gene_linkage		4	embedding	SO:0005855	gene_group	gene_group	0.311	A collection of related genes.
topic gene weights	FeatureType	element_gene_linkage		5	embedding	SO:0001551	increased_transcription_rate_variant	increased_transcription_rate_variant	0.296	A sequence variant that increases the rate of transcription with respect to a reference sequence.
relative replication signal	FeatureType	replication_timing		1	lexical-suffix	SO:0000418	signal_peptide	signal	0.126	The signal_peptide is a short region of the peptide located at the N-terminus that directs the protein to be secreted or part of membrane components.
relative replication signal	FeatureType	replication_timing		2	lexical-suffix	SO:0000725	transit_peptide	signal	0.117	The transit_peptide is a short region at the N-terminus of the peptide that directs the protein to an organelle (chloroplast, mitochondrion, microbody or cyanelle).
relative replication signal	FeatureType	replication_timing		3	embedding	SO:0002203	replication_start_site	replication_start_site	0.426	A nucleotide site from which replication initiates.
relative replication signal	FeatureType	replication_timing		4	embedding	SO:0001911	copy_number_increase	copy_number_increase	0.411	A sequence variant where copies of a feature are increased relative to the reference.
relative replication signal	FeatureType	replication_timing		5	embedding	SO:0001682	replication_regulatory_region	replication_regulatory_region	0.410	A regulatory region that is involved in the control of the process of nucleotide replication.
relative replication signal	FeatureType	replication_timing		6	embedding	SO:0002140	early_origin_of_replication	early_origin_of_replication	0.408	An origin of replication that initiates early in S phase.
relative replication signal	FeatureType	replication_timing		7	embedding	SO:0002141	late_origin_of_replication	late_origin_of_replication	0.402	An origin of replication that initiates late in S phase.
replication timing profile	FeatureType	replication_timing		1	embedding	SO:0002141	late_origin_of_replication	late_origin_of_replication	0.487	An origin of replication that initiates late in S phase.
replication timing profile	FeatureType	replication_timing		2	embedding	SO:0002021	mating_type_region_replication_fork_barrier	mating_type_region_replication_fork_barrier	0.467	A DNA motif that is found in eukaryotic rDNA repeats, and is a site of replication fork pausing.
replication timing profile	FeatureType	replication_timing		3	embedding	SO:0002140	early_origin_of_replication	early_origin_of_replication	0.455	An origin of replication that initiates early in S phase.
replication timing profile	FeatureType	replication_timing		4	embedding	SO:0001914	rDNA_replication_fork_barrier	rDNA_replication_fork_barrier	0.438	A DNA motif that is found in eukaryotic rDNA repeats, and is a site of replication fork pausing.
replication timing profile	FeatureType	replication_timing		5	embedding	SO:0001235	replicon	replicon	0.400	A region containing at least one unique origin of replication and a unique termination site.
allele-specific variants	FeatureType	variant		1	lexical-suffix	SO:0001147	natural_variant_site	variant	0.419	Describes the natural sequence variants due to polymorphisms, disease-associated mutations, RNA editing and variations between strains, isolates or cultivars.
allele-specific variants	FeatureType	variant		2	embedding	SO:0002119	allelic_frequency	allelic_frequency	0.519	A physical quality which inheres to the allele by virtue of the number instances of the allele within a population. This is the relative frequency of the allele at a given locus in a population.
allele-specific variants	FeatureType	variant		3	embedding	SO:0001766	polymorphic_variant	polymorphic_variant	0.511	A variant that affects one of several possible alleles at that location, such as the major histocompatibility complex (MHC) genes.
allele-specific variants	FeatureType	variant		4	embedding	SO:0001025	polymorphic_sequence_variant	polymorphic_sequence_variant	0.502	A sequence variant that is segregating in one or more natural populations of a species.
allele-specific variants	FeatureType	variant		5	embedding	SO:0001023	allele	allele	0.476	An allele is one of a set of coexisting sequence variants of a gene.
allele-specific variants	FeatureType	variant		6	embedding	SO:0002191	imprinting_control_region	imprinting_control_region	0.468	A regulatory region that controls epigenetic imprinting and affects the expression of target genes in an allele- or parent-of-origin-specific manner. Associated regulatory elements may include differentially methylated regions and non-coding RNAs.
copy number variation	FeatureType	variant	SO:0001019	1	lexical	SO:0001019	copy_number_variation	copy_number_variation	0.782	A variation that increases or decreases the copy number of a given region.
copy number variation	FeatureType	variant	SO:0001019	2	embedding	SO:0001742	copy_number_gain	copy_number_gain	0.786	A sequence alteration whereby the copy number of a given regions is greater than the reference sequence.
copy number variation	FeatureType	variant	SO:0001019	3	embedding	SO:0001743	copy_number_loss	copy_number_loss	0.758	A sequence alteration whereby the copy number of a given region is less than the reference sequence.
copy number variation	FeatureType	variant	SO:0001019	4	embedding	SO:0001911	copy_number_increase	copy_number_increase	0.740	A sequence variant where copies of a feature are increased relative to the reference.
copy number variation	FeatureType	variant	SO:0001019	5	embedding	SO:0001563	copy_number_change	copy_number_change	0.733	A sequence variant where copies of a feature (CNV) are either increased or decreased.
copy number variation	FeatureType	variant	SO:0001019	6	embedding	SO:0001912	copy_number_decrease	copy_number_decrease	0.724	A sequence variant where copies of a feature are decreased relative to the reference.
curated SNVs	FeatureType	variant	edam:data_0918	1	lexical-suffix	SO:0001483	SNV	SNV	0.554	SNVs are single nucleotide positions in genomic DNA at which different sequence alternatives exist.
curated SNVs	FeatureType	variant	edam:data_0918	2	embedding	SO:0001060	sequence_variant	sequence_variant	0.483	A sequence_variant is a non exact copy of a sequence_feature or genome exhibiting one or more sequence_alteration.
curated SNVs	FeatureType	variant	edam:data_0918	3	embedding	SO:0001583	missense_variant	missense_variant	0.473	A sequence variant, that changes one or more bases, resulting in a different amino acid sequence but where the length is preserved.
curated SNVs	FeatureType	variant	edam:data_0918	4	embedding	SO:0001819	synonymous_variant	synonymous_variant	0.459	A sequence variant where there is no resulting change to the encoded amino acid.
curated SNVs	FeatureType	variant	edam:data_0918	5	embedding	SO:0001586	non_conservative_missense_variant	non_conservative_missense_variant	0.459	A sequence variant whereby at least one base of a codon is changed resulting in a codon that encodes for an amino acid with different biochemical properties.
curated SNVs	FeatureType	variant	edam:data_0918	6	embedding	SO:0002178	SNV_artifact	SNV_artifact	0.456	An SNV that is the result of base-calling or assembly error.
dsQTLs	FeatureType	variant		1	embedding	SO:0000685	DNaseI_hypersensitive_site	DNaseI_hypersensitive_site	0.607	DNA region representing open chromatin structure that is hypersensitive to digestion by DNase I.
dsQTLs	FeatureType	variant		2	embedding	SO:0000771	QTL	QTL	0.538	A quantitative trait locus (QTL) is a polymorphic locus which contains alleles that differentially affect the expression of a continuously distributed phenotypic trait. Usually it is a marker described by statistical association to quantitative variation in the particular phenotypic trait that is th
dsQTLs	FeatureType	variant		3	embedding	SO:0000037	locus_control_region	locus_control_region	0.495	A DNA region that includes DNAse hypersensitive sites located near a gene that confers the high-level, position-independent, and copy number-dependent expression to that gene.
dsQTLs	FeatureType	variant		4	embedding	SO:0001774	quantitative_variant	quantitative_variant	0.494	A variant within a gene that contributes to a quantitative trait such as height or weight.
dsQTLs	FeatureType	variant		5	embedding	SO:0001500	heritable_phenotypic_marker	heritable_phenotypic_marker	0.421	A biological_region characterized as a single heritable trait in a phenotype screen. The heritable phenotype may be mapped to a chromosome but generally has not been characterized to a specific gene locus.
eQTLs	FeatureType	variant		1	embedding	SO:0000771	QTL	QTL	0.607	A quantitative trait locus (QTL) is a polymorphic locus which contains alleles that differentially affect the expression of a continuously distributed phenotypic trait. Usually it is a marker described by statistical association to quantitative variation in the particular phenotypic trait that is th
eQTLs	FeatureType	variant		2	embedding	SO:0001774	quantitative_variant	quantitative_variant	0.528	A variant within a gene that contributes to a quantitative trait such as height or weight.
eQTLs	FeatureType	variant		3	embedding	SO:0000123	transcriptionally_regulated	transcriptionally_regulated	0.432	An attribute describing a gene that is regulated at transcription.
eQTLs	FeatureType	variant		4	embedding	SO:0001500	heritable_phenotypic_marker	heritable_phenotypic_marker	0.428	A biological_region characterized as a single heritable trait in a phenotype screen. The heritable phenotype may be mapped to a chromosome but generally has not been characterized to a specific gene locus.
eQTLs	FeatureType	variant		5	embedding	SO:0001868	positional_candidate_gene	positional_candidate_gene	0.411	A candidate gene whose association with a trait is based on the gene's location on a chromosome.
maternal variant calls	FeatureType	variant	edam:data_0918	1	embedding	SO:0001775	maternal_variant	maternal_variant	0.640	A variant in the genetic material inherited from the mother.
maternal variant calls	FeatureType	variant	edam:data_0918	2	embedding	SO:0001781	de_novo_variant	de_novo_variant	0.553	A variant arising in the offspring that is not found in either of the parents.
maternal variant calls	FeatureType	variant	edam:data_0918	3	embedding	SO:0001506	variant_genome	variant_genome	0.541	A collection of sequences (often chromosomes) of an individual.
maternal variant calls	FeatureType	variant	edam:data_0918	4	embedding	SO:0001767	common_variant	common_variant	0.536	When a variant from the genomic sequence is commonly found in the general population.
maternal variant calls	FeatureType	variant	edam:data_0918	5	embedding	SO:0001763	variant_frequency	variant_frequency	0.532	A physical quality which inheres to the variant by virtue of the number instances of the variant within a population.
paternal variant calls	FeatureType	variant	edam:data_0918	1	embedding	SO:0001776	paternal_variant	paternal_variant	0.679	A variant in the genetic material inherited from the father.
paternal variant calls	FeatureType	variant	edam:data_0918	2	embedding	SO:0001781	de_novo_variant	de_novo_variant	0.551	A variant arising in the offspring that is not found in either of the parents.
paternal variant calls	FeatureType	variant	edam:data_0918	3	embedding	SO:0001763	variant_frequency	variant_frequency	0.550	A physical quality which inheres to the variant by virtue of the number instances of the variant within a population.
paternal variant calls	FeatureType	variant	edam:data_0918	4	embedding	SO:0001506	variant_genome	variant_genome	0.538	A collection of sequences (often chromosomes) of an individual.
paternal variant calls	FeatureType	variant	edam:data_0918	5	embedding	SO:0001779	pedigree_specific_variant	pedigree_specific_variant	0.533	A variant that is found only by individuals that belong to the same pedigree.
reference variants	FeatureType	variant	edam:data_0918	1	lexical-suffix	SO:0001147	natural_variant_site	variant	0.474	Describes the natural sequence variants due to polymorphisms, disease-associated mutations, RNA editing and variations between strains, isolates or cultivars.
reference variants	FeatureType	variant	edam:data_0918	2	embedding	SO:0001505	reference_genome	reference_genome	0.694	A collection of sequences (often chromosomes) taken as the standard for a given organism and genome assembly.
reference variants	FeatureType	variant	edam:data_0918	3	embedding	SO:0001506	variant_genome	variant_genome	0.618	A collection of sequences (often chromosomes) of an individual.
reference variants	FeatureType	variant	edam:data_0918	4	embedding	SO:0001765	rare_variant	rare_variant	0.590	When a variant from the genomic sequence is rarely found in the general population. The threshold for 'rare' varies between studies.
reference variants	FeatureType	variant	edam:data_0918	5	embedding	SO:0001767	common_variant	common_variant	0.574	When a variant from the genomic sequence is commonly found in the general population.
reference variants	FeatureType	variant	edam:data_0918	6	embedding	SO:0001486	standard_draft	standard_draft	0.543	The status of a whole genome sequence, where the data is minimally filtered or un-filtered, from any number of sequencing platforms, and is assembled into contigs. Genome sequence of this quality may harbour regions of poor quality and can be relatively incomplete.
variant calls	FeatureType	variant		1	embedding	SO:0001483	SNV	SNV	0.621	SNVs are single nucleotide positions in genomic DNA at which different sequence alternatives exist.
variant calls	FeatureType	variant		2	embedding	SO:0001060	sequence_variant	sequence_variant	0.580	A sequence_variant is a non exact copy of a sequence_feature or genome exhibiting one or more sequence_alteration.
variant calls	FeatureType	variant		3	embedding	SO:0001791	exon_variant	exon_variant	0.573	A sequence variant that changes exon sequence.
variant calls	FeatureType	variant		4	embedding	SO:0002084	exonic_splice_region_variant	exonic_splice_region_variant	0.569	A sequence variant in which a change has occurred within the exonic region of the splice site, 1-2 bases from boundary.
variant calls	FeatureType	variant		5	embedding	SO:0001506	variant_genome	variant_genome	0.567	A collection of sequences (often chromosomes) of an individual.
variant effect quantifications	FeatureType	variant	edam:data_0918	1	embedding	SO:0001536	functional_effect_variant	functional_effect_variant	0.616	A variant whereby the effect is evaluated with respect to a reference.
variant effect quantifications	FeatureType	variant	edam:data_0918	2	embedding	SO:0001774	quantitative_variant	quantitative_variant	0.503	A variant within a gene that contributes to a quantitative trait such as height or weight.
variant effect quantifications	FeatureType	variant	edam:data_0918	3	embedding	SO:0001763	variant_frequency	variant_frequency	0.419	A physical quality which inheres to the variant by virtue of the number instances of the variant within a population.
variant effect quantifications	FeatureType	variant	edam:data_0918	4	embedding	SO:0002220	function_uncertain_variant	function_uncertain_variant	0.391	A sequence variant in which the function of a gene product is unknown with respect to a reference.
variant effect quantifications	FeatureType	variant	edam:data_0918	5	embedding	SO:0001538	transcript_function_variant	transcript_function_variant	0.390	A sequence variant which alters the functioning of a transcript with respect to a reference sequence.
variant reference	FeatureType	variant		1	embedding	SO:0001506	variant_genome	variant_genome	0.686	A collection of sequences (often chromosomes) of an individual.
variant reference	FeatureType	variant		2	embedding	SO:0001505	reference_genome	reference_genome	0.679	A collection of sequences (often chromosomes) taken as the standard for a given organism and genome assembly.
variant reference	FeatureType	variant		3	embedding	SO:0001767	common_variant	common_variant	0.624	When a variant from the genomic sequence is commonly found in the general population.
variant reference	FeatureType	variant		4	embedding	SO:0001507	variant_collection	variant_collection	0.621	A collection of one or more sequences of an individual.
variant reference	FeatureType	variant		5	embedding	SO:0001765	rare_variant	rare_variant	0.613	When a variant from the genomic sequence is rarely found in the general population. The threshold for 'rare' varies between studies.
PWMs	FeatureType	sequence_motif	edam:data_1362	1	embedding	SO:0001683	sequence_motif	sequence_motif	0.490	A sequence motif is a nucleotide or amino-acid sequence pattern that may have biological significance.
PWMs	FeatureType	sequence_motif	edam:data_1362	2	embedding	SO:0001004	low_complexity	low_complexity	0.460	When a sequence does not contain an equal distribution of all four possible nucleotide bases or does not contain all nucleotide bases.
PWMs	FeatureType	sequence_motif	edam:data_1362	3	embedding	SO:0000001	region	region	0.454	A sequence_feature with an extent greater than zero. A nucleotide region is composed of bases and a polypeptide region is composed of amino acids.
PWMs	FeatureType	sequence_motif	edam:data_1362	4	embedding	SO:0000714	nucleotide_motif	nucleotide_motif	0.448	A region of nucleotide sequence corresponding to a known motif.
PWMs	FeatureType	sequence_motif	edam:data_1362	5	embedding	SO:0001164	DPE1_motif	DPE1_motif	0.446	A promoter motif with consensus sequence CGGACGT.
sequence motifs	FeatureType	sequence_motif	edam:data_1353	1	lexical	SO:0001683	sequence_motif	sequence_motif	0.581	A sequence motif is a nucleotide or amino-acid sequence pattern that may have biological significance.
sequence motifs	FeatureType	sequence_motif	edam:data_1353	2	embedding	SO:0000860	syntenic	syntenic	0.522	Attribute describing sequence regions occurring in same order on chromosome of different species.
sequence motifs	FeatureType	sequence_motif	edam:data_1353	3	embedding	SO:0000994	consensus_region	consensus_region	0.511	A region that has a known consensus sequence.
sequence motifs	FeatureType	sequence_motif	edam:data_1353	4	embedding	SO:0100017	polypeptide_conserved_motif	polypeptide_conserved_motif	0.502	A conserved motif is a short (up to 20 amino acids) region of biological interest that is conserved in different proteins. They may or may not have functional or structural significance within the proteins in which they are found.
sequence motifs	FeatureType	sequence_motif	edam:data_1353	5	embedding	SO:0000001	region	region	0.501	A sequence_feature with an extent greater than zero. A nucleotide region is composed of bases and a polypeptide region is composed of amino acids.
sequence motifs	FeatureType	sequence_motif	edam:data_1353	6	embedding	SO:0000343	match	match	0.500	A region of sequence, aligned to another sequence with some statistical significance, using an algorithm such as BLAST or SIM4.
sequence motifs instances	FeatureType	sequence_motif		1	embedding	SO:0001683	sequence_motif	sequence_motif	0.627	A sequence motif is a nucleotide or amino-acid sequence pattern that may have biological significance.
sequence motifs instances	FeatureType	sequence_motif		2	embedding	SO:0000735	sequence_location	sequence_location	0.593	The location of a sequence.
sequence motifs instances	FeatureType	sequence_motif		3	embedding	SO:0000331	STS	STS	0.563	Short (typically a few hundred base pairs) DNA sequence that has a single occurrence in a genome and whose location and base sequence are known.
sequence motifs instances	FeatureType	sequence_motif		4	embedding	SO:0001067	polypeptide_motif	polypeptide_motif	0.558	A sequence motif is a short (up to 20 amino acids) region of biological interest. Such motifs, although they are too short to constitute functional domains, share sequence similarities and are conserved in different proteins. They display a common function (protein-binding, subcellular location etc.
sequence motifs instances	FeatureType	sequence_motif		5	embedding	SO:0000714	nucleotide_motif	nucleotide_motif	0.551	A region of nucleotide sequence corresponding to a known motif.
sequence motifs report	FeatureType	sequence_motif		1	embedding	SO:0001683	sequence_motif	sequence_motif	0.643	A sequence motif is a nucleotide or amino-acid sequence pattern that may have biological significance.
sequence motifs report	FeatureType	sequence_motif		2	embedding	SO:0000714	nucleotide_motif	nucleotide_motif	0.536	A region of nucleotide sequence corresponding to a known motif.
sequence motifs report	FeatureType	sequence_motif		3	embedding	SO:0001164	DPE1_motif	DPE1_motif	0.530	A promoter motif with consensus sequence CGGACGT.
sequence motifs report	FeatureType	sequence_motif		4	embedding	SO:0001067	polypeptide_motif	polypeptide_motif	0.518	A sequence motif is a short (up to 20 amino acids) region of biological interest. Such motifs, although they are too short to constitute functional domains, share sequence similarities and are conserved in different proteins. They display a common function (protein-binding, subcellular location etc.
sequence motifs report	FeatureType	sequence_motif		5	embedding	SO:0000343	match	match	0.517	A region of sequence, aligned to another sequence with some statistical significance, using an algorithm such as BLAST or SIM4.
functional conservation mapping	FeatureType	annotation		1	embedding	SO:0000332	coding_conserved_region	coding_conserved_region	0.483	Coding region of sequence similarity by descent from a common ancestor.
functional conservation mapping	FeatureType	annotation		2	embedding	SO:0000855	orthologous_region	orthologous_region	0.480	A homologous_region that is orthologous to another region.
functional conservation mapping	FeatureType	annotation		3	embedding	SO:0000860	syntenic	syntenic	0.472	Attribute describing sequence regions occurring in same order on chromosome of different species.
functional conservation mapping	FeatureType	annotation		4	embedding	SO:0002017	conserved_intergenic_variant	conserved_intergenic_variant	0.456	A sequence variant located in a conserved intergenic region, between genes.
functional conservation mapping	FeatureType	annotation		5	embedding	SO:0000856	conserved	conserved	0.448	A region that is similar or identical across more than one species.
functional conservation quantifications	FeatureType	annotation		1	embedding	SO:0001685	score	score	0.358	The score of an experimentally derived feature such as a p-value.
functional conservation quantifications	FeatureType	annotation		2	embedding	SO:0002219	functionally_normal	functionally_normal	0.350	A sequence variant in which the function of a gene product is retained with respect to a reference.
functional conservation quantifications	FeatureType	annotation		3	embedding	SO:0001536	functional_effect_variant	functional_effect_variant	0.337	A variant whereby the effect is evaluated with respect to a reference.
functional conservation quantifications	FeatureType	annotation		4	embedding	SO:0001912	copy_number_decrease	copy_number_decrease	0.301	A sequence variant where copies of a feature are decreased relative to the reference.
functional conservation quantifications	FeatureType	annotation		5	embedding	SO:0002054	loss_of_function_variant	loss_of_function_variant	0.280	A sequence variant whereby the gene product has diminished or abolished function.
miRNA annotations	FeatureType	annotation		1	embedding	SO:0002034	miR_encoding_snoRNA_primary_transcript	miR_encoding_snoRNA_primary_transcript	0.524	A snoRNA primary transcript that also encodes pre-miR sequence that is processed to form functionally active miRNA.
miRNA annotations	FeatureType	annotation		2	embedding	SO:0000571	miRNA_encoding	miRNA_encoding	0.520	A region that can be transcribed into a microRNA (miRNA).
miRNA annotations	FeatureType	annotation		3	embedding	SO:0001620	mature_miRNA_variant	mature_miRNA_variant	0.513	A transcript variant located with the sequence of the mature miRNA.
miRNA annotations	FeatureType	annotation		4	embedding	SO:0002166	ref_miRNA	ref_miRNA	0.513	A ref_miRNA (RefSeq-miRNA) sequence is assigned at the creation of a new mature miRNA entry in a database. The ref_miRNA sequence designation remains unchanged even if a different isomiR is later shown to be expressed at a higher level. A ref_miRNA can be produced by one or multiple pre-miRNA.
miRNA annotations	FeatureType	annotation		5	embedding	SO:0001265	miRNA_gene	miRNA_gene	0.507	A small noncoding RNA of approximately 22 nucleotides in length which may be involved in regulation of gene expression.
repeat elements annotation	FeatureType	annotation		1	embedding	SO:0000658	dispersed_repeat	dispersed_repeat	0.603	A repeat that is located at dispersed sites in the genome.
repeat elements annotation	FeatureType	annotation		2	embedding	SO:0000194	LINE_element	LINE_element	0.589	A dispersed repeat family with many copies, each from 1 to 6 kb long. New elements are generated by retroposition of a transcribed copy. Typically the LINE contains 2 ORF's one of which is reverse transcriptase, and 3'and 5' direct repeats.
repeat elements annotation	FeatureType	annotation		3	embedding	SO:0000338	MITE	MITE	0.583	A highly repetitive and short (100-500 base pair) transposable element with terminal inverted repeats (TIR) and target site duplication (TSD). MITEs do not encode proteins.
repeat elements annotation	FeatureType	annotation		4	embedding	SO:0000364	transposable_element_flanking_region	transposable_element_flanking_region	0.568	The region of sequence surrounding a transposable element.
repeat elements annotation	FeatureType	annotation		5	embedding	SO:0000657	repeat_region	repeat_region	0.567	A region of sequence containing one or more repeat units.
restriction enzyme site locations	FeatureType	annotation		1	embedding	SO:0001687	restriction_enzyme_recognition_site	restriction_enzyme_recognition_site	0.747	The nucleotide region (usually a palindrome) that is recognized by a restriction enzyme. This may or may not be equal to the restriction enzyme binding site.
restriction enzyme site locations	FeatureType	annotation		2	embedding	SO:0001688	restriction_enzyme_cleavage_junction	restriction_enzyme_cleavage_junction	0.720	The boundary at which a restriction enzyme breaks the nucleotide sequence.
restriction enzyme site locations	FeatureType	annotation		3	embedding	SO:0001954	restriction_enzyme_region	restriction_enzyme_region	0.699	A region related to restriction enzyme function.
restriction enzyme site locations	FeatureType	annotation		4	embedding	SO:0000061	restriction_enzyme_binding_site	restriction_enzyme_binding_site	0.676	A binding site that, in the nucleotide molecule, interacts selectively and non-covalently with polypeptide residues of a restriction enzyme.
restriction enzyme site locations	FeatureType	annotation		5	embedding	SO:0001690	three_prime_restriction_enzyme_junction	three_prime_restriction_enzyme_junction	0.675	The restriction enzyme cleavage junction on the 3' strand of the nucleotide sequence.
RNA-binding protein associated mRNAs	FeatureType	annotation		1	lexical-suffix	SO:0000234	mRNA	mRNA	0.421	Messenger RNA is the intermediate molecule between DNA and protein. It includes UTR and coding sequences. It does not contain introns.
RNA-binding protein associated mRNAs	FeatureType	annotation		2	embedding	SO:0000279	transcript_bound_by_protein	transcript_bound_by_protein	0.551	A transcript that is bound by a protein.
RNA-binding protein associated mRNAs	FeatureType	annotation		3	embedding	SO:0002234	pumilio_response_element	pumilio_response_element	0.523	A cis-acting element involved in RNA stability found in the 3' UTR of some RNA (consensus UGUAAAUA).
RNA-binding protein associated mRNAs	FeatureType	annotation		4	embedding	SO:0001180	AU_rich_element	AU_rich_element	0.485	A cis-acting element found in the 3' UTR of some mRNA which is rich in AUUUA pentamers. Messenger RNAs bearing multiple AU-rich elements are often unstable.
RNA-binding protein associated mRNAs	FeatureType	annotation		5	embedding	SO:0000642	SRP_RNA_encoding	SRP_RNA_encoding	0.478	A region that can be transcribed into a signal recognition particle RNA (SRP RNA).
RNA-binding protein associated mRNAs	FeatureType	annotation		6	embedding	SO:0000278	transcript_bound_by_nucleic_acid	transcript_bound_by_nucleic_acid	0.477	A transcript that is bound by a nucleic acid.
splice junctions	FeatureType	annotation	SO:0001421	1	lexical	SO:0001421	splice_junction	splice_junction	0.649	The boundary between an intron and an exon.
splice junctions	FeatureType	annotation	SO:0001421	2	embedding	SO:0000162	splice_site	splice_site	0.727	Consensus region of primary transcript bordering junction of splicing. A region that overlaps exactly 2 base and adjacent_to splice_junction.
splice junctions	FeatureType	annotation	SO:0001421	3	embedding	SO:0001420	trans_splice_site	trans_splice_site	0.696	Primary transcript region bordering trans-splice junction.
splice junctions	FeatureType	annotation	SO:0001421	4	embedding	SO:0001474	trans_splice_junction	trans_splice_junction	0.687	The boundary between the spliced leader and the first exon of the mRNA.
splice junctions	FeatureType	annotation	SO:0001421	5	embedding	SO:0001419	cis_splice_site	cis_splice_site	0.641	Intronic 2 bp region bordering exon. A splice_site that adjacent_to exon and overlaps intron.
splice junctions	FeatureType	annotation	SO:0001421	6	embedding	SO:0000706	trans_splice_acceptor_site	trans_splice_acceptor_site	0.641	The 3' splice site of the acceptor primary transcript.
transcribed fragments	FeatureType	annotation	SO:0001418	1	lexical	SO:0001418	transcribed_fragment	transcribed_fragment	0.584	An experimental region, defined by a tiling array experiment to be transcribed at some level.
transcribed fragments	FeatureType	annotation	SO:0001418	2	embedding	SO:0000833	transcript_region	transcript_region	0.588	A region of a transcript.
transcribed fragments	FeatureType	annotation	SO:0001418	3	embedding	SO:0002301	transcription_unit	transcription_unit	0.565	DNA regions delimited by different nonspurious TSS-TTS pairs.
transcribed fragments	FeatureType	annotation	SO:0001418	4	embedding	SO:0001457	transcribed_cluster	transcribed_cluster	0.557	A region defined by a set of transcribed sequences from the same gene or expressed pseudogene.
transcribed fragments	FeatureType	annotation	SO:0001418	5	embedding	SO:0000183	non_transcribed_region	non_transcribed_region	0.556	A region of the gene which is not transcribed.
transcribed fragments	FeatureType	annotation	SO:0001418	6	embedding	SO:0002139	unconfirmed_transcript	unconfirmed_transcript	0.548	This is used for non-spliced EST clusters that have polyA features. This category has been specifically created for the ENCODE project to highlight regions that could indicate the presence of protein coding genes that require experimental validation, either by 5' RACE or RT-PCR to extend the transcr
transcriptome annotations	FeatureType	annotation		1	embedding	SO:0001489	annotation_directed_improved_draft	annotation_directed_improved_draft	0.693	The status of a whole genome sequence,where annotation, and verification of coding regions has occurred.
transcriptome annotations	FeatureType	annotation		2	embedding	SO:0001428	expressed_sequence_assembly	expressed_sequence_assembly	0.553	A sequence assembly derived from expressed sequences.
transcriptome annotations	FeatureType	annotation		3	embedding	SO:0001486	standard_draft	standard_draft	0.552	The status of a whole genome sequence, where the data is minimally filtered or un-filtered, from any number of sequencing platforms, and is assembled into contigs. Genome sequence of this quality may harbour regions of poor quality and can be relatively incomplete.
transcriptome annotations	FeatureType	annotation		4	embedding	SO:0001505	reference_genome	reference_genome	0.546	A collection of sequences (often chromosomes) taken as the standard for a given organism and genome assembly.
transcriptome annotations	FeatureType	annotation		5	embedding	SO:0001876	partial_genomic_sequence_assembly	partial_genomic_sequence_assembly	0.526	A partial DNA sequence assembly of a chromosome or full genome, which contains gaps that are filled with N's.
transposable element TF ancestral origin percent by motif	FeatureType	annotation		1	lexical-suffix	SO:0001067	polypeptide_motif	motif	0.326	A sequence motif is a short (up to 20 amino acids) region of biological interest. Such motifs, although they are too short to constitute functional domains, share sequence similarities and are conserved in different proteins. They display a common function (protein-binding, subcellular location etc.
transposable element TF ancestral origin percent by motif	FeatureType	annotation		2	lexical-suffix	SO:0100017	polypeptide_conserved_motif	motif	0.353	A conserved motif is a short (up to 20 amino acids) region of biological interest that is conserved in different proteins. They may or may not have functional or structural significance within the proteins in which they are found.
transposable element TF ancestral origin percent by motif	FeatureType	annotation		3	embedding	SO:0000720	foreign_transposable_element	foreign_transposable_element	0.601	A transposable element that is foreign.
transposable element TF ancestral origin percent by motif	FeatureType	annotation		4	embedding	SO:0000364	transposable_element_flanking_region	transposable_element_flanking_region	0.594	The region of sequence surrounding a transposable element.
transposable element TF ancestral origin percent by motif	FeatureType	annotation		5	embedding	SO:0000797	natural_transposable_element	natural_transposable_element	0.587	TE that exists (or existed) in nature.
transposable element TF ancestral origin percent by motif	FeatureType	annotation		6	embedding	SO:0001897	transposable_element_pseudogene	transposable_element_pseudogene	0.584	A pseudogene contained within a transposable element.
transposable element TF ancestral origin percent by motif	FeatureType	annotation		7	embedding	SO:0000368	transposable_element_insertion_site	transposable_element_insertion_site	0.584	The junction in a genome where a transposable_element has inserted.
transposable element TF ancestral origin percent by subfamily	FeatureType	annotation		1	embedding	SO:0000797	natural_transposable_element	natural_transposable_element	0.513	TE that exists (or existed) in nature.
transposable element TF ancestral origin percent by subfamily	FeatureType	annotation		2	embedding	SO:0000368	transposable_element_insertion_site	transposable_element_insertion_site	0.496	The junction in a genome where a transposable_element has inserted.
transposable element TF ancestral origin percent by subfamily	FeatureType	annotation		3	embedding	SO:0000796	transgenic_transposable_element	transgenic_transposable_element	0.496	TE that has been modified in vitro, including insertion of DNA derived from a source other than the originating TE.
transposable element TF ancestral origin percent by subfamily	FeatureType	annotation		4	embedding	SO:0000720	foreign_transposable_element	foreign_transposable_element	0.491	A transposable element that is foreign.
transposable element TF ancestral origin percent by subfamily	FeatureType	annotation		5	embedding	SO:0000364	transposable_element_flanking_region	transposable_element_flanking_region	0.488	The region of sequence surrounding a transposable element.
cell type annotations	FeatureType	single_cell		1	embedding	SO:0001508	alteration_attribute	alteration_attribute	0.459	An attribute of alteration of one or more chromosomes.
cell type annotations	FeatureType	single_cell		2	embedding	SO:0000237	transcript_attribute	transcript_attribute	0.432	An attribute describing a transcript.
cell type annotations	FeatureType	single_cell		3	embedding	SO:0001509	chromosomal_variation_attribute	chromosomal_variation_attribute	0.428	An attribute of a change in the structure or number of a chromosomes.
cell type annotations	FeatureType	single_cell		4	embedding	SO:0000401	gene_attribute	gene_attribute	0.414	An attribute describing a gene.
cell type annotations	FeatureType	single_cell		5	embedding	SO:0001489	annotation_directed_improved_draft	annotation_directed_improved_draft	0.388	The status of a whole genome sequence,where annotation, and verification of coding regions has occurred.
cell type data	FeatureType	single_cell		1	embedding	SO:0002023	multiplexing_sequence_identifier	multiplexing_sequence_identifier	0.315	A nucleic tag which is used in a ligation step of library preparation process to allow pooling of samples while maintaining ability to identify individual source material and creation of a multiplexed library.
cell type data	FeatureType	single_cell		2	embedding	SO:0000817	wild_type	wild_type	0.314	An attribute describing sequence with the genotype found in nature and/or standard laboratory stock.
cell type data	FeatureType	single_cell		3	embedding	SO:0001507	variant_collection	variant_collection	0.299	A collection of one or more sequences of an individual.
cell type data	FeatureType	single_cell		4	embedding	SO:0001780	population_specific_variant	population_specific_variant	0.293	A variant found within only speficic populations.
cell type data	FeatureType	single_cell		5	embedding	SO:0000237	transcript_attribute	transcript_attribute	0.292	An attribute describing a transcript.
3D structure	FeatureType	structure		1	embedding	SO:0001600	complex_3D_structural_variant	complex_3D_structural_variant	0.477	A sequence variant that changes the resulting polypeptide structure.
3D structure	FeatureType	structure		2	embedding	SO:0001747	open_chromatin_region	open_chromatin_region	0.473	A DNA sequence that in the normal state of the chromosome corresponds to an unfolded, un-complexed stretch of double-stranded DNA.
3D structure	FeatureType	structure		3	embedding	SO:0001079	polypeptide_structural_motif	polypeptide_structural_motif	0.407	Motif is a three-dimensional structural element within the chain, which appears also in a variety of other molecules. Unlike a domain, a motif does not need to form a stable globular unit.
3D structure	FeatureType	structure		4	embedding	SO:0002304	topologically_associated_domain	topologically_associated_domain	0.405	An instance of a self-interacting DNA region flanked by left and right TAD boundaries.
3D structure	FeatureType	structure		5	embedding	SO:0001599	3D_polypeptide_structure_variant	3D_polypeptide_structure_variant	0.398	A sequence variant that changes the resulting polypeptide structure.
contigs	FeatureType	structure	SO:0000149	1	lexical	SO:0000149	contig	contig	0.706	A contiguous sequence derived from sequence assembly. Has no gaps, but may contain N's from unavailable bases.
contigs	FeatureType	structure	SO:0000149	2	embedding	SO:0001876	partial_genomic_sequence_assembly	partial_genomic_sequence_assembly	0.759	A partial DNA sequence assembly of a chromosome or full genome, which contains gaps that are filled with N's.
contigs	FeatureType	structure	SO:0000149	3	embedding	SO:0001249	fragment_assembly	fragment_assembly	0.668	A fragment assembly is a genome assembly that orders overlapping fragments of the genome based on landmark sequences. The base pair distance between the landmarks is known allowing additivity of lengths.
contigs	FeatureType	structure	SO:0000149	4	embedding	SO:0001490	noncontiguous_finished	noncontiguous_finished	0.658	The status of a whole genome sequence, where the assembly is high quality, closure approaches have been successful for most gaps, misassemblies and low quality regions.
contigs	FeatureType	structure	SO:0000149	5	embedding	SO:0001486	standard_draft	standard_draft	0.637	The status of a whole genome sequence, where the data is minimally filtered or un-filtered, from any number of sequencing platforms, and is assembled into contigs. Genome sequence of this quality may harbour regions of poor quality and can be relatively incomplete.
contigs	FeatureType	structure	SO:0000149	6	embedding	SO:0001428	expressed_sequence_assembly	expressed_sequence_assembly	0.635	A sequence assembly derived from expressed sequences.
personalized genome assembly	FeatureType	structure		1	lexical-suffix	SO:0001248	assembly	assembly	0.577	A region of the genome of known length that is composed by ordering and aligning two or more different regions.
personalized genome assembly	FeatureType	structure		2	embedding	SO:0001506	variant_genome	variant_genome	0.659	A collection of sequences (often chromosomes) of an individual.
personalized genome assembly	FeatureType	structure		3	embedding	SO:0001249	fragment_assembly	fragment_assembly	0.626	A fragment assembly is a genome assembly that orders overlapping fragments of the genome based on landmark sequences. The base pair distance between the landmarks is known allowing additivity of lengths.
personalized genome assembly	FeatureType	structure		4	embedding	SO:0001876	partial_genomic_sequence_assembly	partial_genomic_sequence_assembly	0.603	A partial DNA sequence assembly of a chromosome or full genome, which contains gaps that are filled with N's.
personalized genome assembly	FeatureType	structure		5	embedding	SO:0001027	genotype	genotype	0.601	A genotype is a variant genome, complete or incomplete.
personalized genome assembly	FeatureType	structure		6	embedding	SO:0001505	reference_genome	reference_genome	0.591	A collection of sequences (often chromosomes) taken as the standard for a given organism and genome assembly.
predicted 3D structural ensembles	FeatureType	structure		1	embedding	SO:0001600	complex_3D_structural_variant	complex_3D_structural_variant	0.471	A sequence variant that changes the resulting polypeptide structure.
predicted 3D structural ensembles	FeatureType	structure		2	embedding	SO:0000002	sequence_secondary_structure	sequence_secondary_structure	0.382	A folded sequence.
predicted 3D structural ensembles	FeatureType	structure		3	embedding	SO:0001599	3D_polypeptide_structure_variant	3D_polypeptide_structure_variant	0.371	A sequence variant that changes the resulting polypeptide structure.
predicted 3D structural ensembles	FeatureType	structure		4	embedding	SO:0000911	predicted_by_ab_initio_computation	predicted_by_ab_initio_computation	0.347	An attribute describing a feature that is predicted by a computer program that did not rely on sequence similarity.
predicted 3D structural ensembles	FeatureType	structure		5	embedding	SO:0001070	polypeptide_structural_region	polypeptide_structural_region	0.326	Region of polypeptide with a given structural property.
maternal haplotype mapping	FeatureType	haplotype		1	embedding	SO:0000149	contig	contig	0.579	A contiguous sequence derived from sequence assembly. Has no gaps, but may contain N's from unavailable bases.
maternal haplotype mapping	FeatureType	haplotype		2	embedding	SO:0001024	haplotype	haplotype	0.544	A haplotype is one of a set of coexisting sequence variants of a haplotype block.
maternal haplotype mapping	FeatureType	haplotype		3	embedding	SO:0001249	fragment_assembly	fragment_assembly	0.527	A fragment assembly is a genome assembly that orders overlapping fragments of the genome based on landmark sequences. The base pair distance between the landmarks is known allowing additivity of lengths.
maternal haplotype mapping	FeatureType	haplotype		4	embedding	SO:0000355	haplotype_block	haplotype_block	0.526	A region of the genome which is co-inherited as the result of the lack of historic recombination within it.
maternal haplotype mapping	FeatureType	haplotype		5	embedding	SO:0001876	partial_genomic_sequence_assembly	partial_genomic_sequence_assembly	0.519	A partial DNA sequence assembly of a chromosome or full genome, which contains gaps that are filled with N's.
paternal haplotype mapping	FeatureType	haplotype		1	embedding	SO:0000149	contig	contig	0.551	A contiguous sequence derived from sequence assembly. Has no gaps, but may contain N's from unavailable bases.
paternal haplotype mapping	FeatureType	haplotype		2	embedding	SO:0001249	fragment_assembly	fragment_assembly	0.541	A fragment assembly is a genome assembly that orders overlapping fragments of the genome based on landmark sequences. The base pair distance between the landmarks is known allowing additivity of lengths.
paternal haplotype mapping	FeatureType	haplotype		3	embedding	SO:0000719	ultracontig	ultracontig	0.533	An ordered and oriented set of scaffolds based on somewhat weaker sets of inferential evidence such as one set of mate pair reads together with supporting evidence from ESTs or location of markers from SNP or microsatellite maps, or cytogenetic localization of contained markers.
paternal haplotype mapping	FeatureType	haplotype		4	embedding	SO:0001876	partial_genomic_sequence_assembly	partial_genomic_sequence_assembly	0.523	A partial DNA sequence assembly of a chromosome or full genome, which contains gaps that are filled with N's.
paternal haplotype mapping	FeatureType	haplotype		5	embedding	SO:0001024	haplotype	haplotype	0.518	A haplotype is one of a set of coexisting sequence variants of a haplotype block.
Nm methylation state	FeatureType	rna_modification		1	embedding	SO:0001701	histone_methylation_site	histone_methylation_site	0.645	A histone modification site where the modification is the methylation of the residue.
Nm methylation state	FeatureType	rna_modification		2	embedding	SO:0001283	two_prime_O_methylcytidine	two_prime_O_methylcytidine	0.593	2'-O-methylcytidine is a modified cytidine.
Nm methylation state	FeatureType	rna_modification		3	embedding	SO:0001288	N4_acetyl_2_prime_O_methylcytidine	N4_acetyl_2_prime_O_methylcytidine	0.588	N4-acetyl-2'-O-methylcytidine is a modified cytidine.
Nm methylation state	FeatureType	rna_modification		4	embedding	SO:0001919	4_methylcytosine	4_methylcytosine	0.587	A cytosine methylated at the 4 nitrogen.
Nm methylation state	FeatureType	rna_modification		5	embedding	SO:0001708	H3K27_monomethylation_site	H3K27_monomethylation_site	0.582	A kind of histone modification site, whereby the 27th residue (a lysine), from the start of the H3 histone protein is mono-methylated.
SNPs	FeatureType	variant	edam:data_0918	1	lexical	SO:0000694	SNP	SNP	0.758	SNPs are single base pair positions in genomic DNA at which different sequence alternatives exist in normal individuals in some population(s), wherein the least frequent variant has an abundance of 1% or greater.
SNPs	FeatureType	variant	edam:data_0918	2	embedding	SO:0001483	SNV	SNV	0.588	SNVs are single nucleotide positions in genomic DNA at which different sequence alternatives exist.
SNPs	FeatureType	variant	edam:data_0918	3	embedding	SO:0001013	MNP	MNP	0.580	A multiple nucleotide polymorphism with alleles of common length > 1, for example AAA/TTT.
SNPs	FeatureType	variant	edam:data_0918	4	embedding	SO:0001146	polypeptide_variation_site	polypeptide_variation_site	0.475	A site of sequence variation (alteration). Alternative sequence due to naturally occurring events such as polymorphisms and alternative splicing or experimental methods such as site directed mutagenesis.
SNPs	FeatureType	variant	edam:data_0918	5	embedding	SO:0001017	silent_mutation	silent_mutation	0.452	A sequence variant that does not affect protein function. Silent mutations may occur in genic ( CDS, UTR, intron etc) and intergenic regions. Silent mutations may have affects on processes such as splicing and regulation.
SNPs	FeatureType	variant	edam:data_0918	6	embedding	SO:0001992	nonsynonymous_variant	nonsynonymous_variant	0.448	A non-synonymous variant is an inframe, protein altering variant, resulting in a codon change.
indels	FeatureType	variant	edam:data_0918	1	lexical	SO:1000032	delins	indel	0.829	A sequence alteration which included an insertion and a deletion, affecting 2 or more bases.
indels	FeatureType	variant	edam:data_0918	2	embedding	SO:0002217	unspecified_indel	unspecified_indel	0.700	A sequence alteration which includes an insertion or a deletion. This describes a sequence length change when the direction of the change is unspecified or when such changes are pooled into one category.
indels	FeatureType	variant	edam:data_0918	3	embedding	SO:0001577	complex_transcript_variant	complex_transcript_variant	0.644	A transcript variant with a complex INDEL- Insertion or deletion that spans an exon/intron border or a coding sequence/UTR border.
indels	FeatureType	variant	edam:data_0918	4	embedding	SO:0001820	inframe_indel	inframe_indel	0.634	A coding sequence variant where the change does not alter the frame of the transcript.
indels	FeatureType	variant	edam:data_0918	5	embedding	SO:0001821	inframe_insertion	inframe_insertion	0.629	An inframe non synonymous variant that inserts bases into in the coding sequence.
indels	FeatureType	variant	edam:data_0918	6	embedding	SO:0001822	inframe_deletion	inframe_deletion	0.627	An inframe non synonymous variant that deletes bases from the coding sequence.
inosine methylation state	FeatureType	rna_modification		1	embedding	SO:0001274	modified_inosine	modified_inosine	0.708	A modified inosine is an inosine base feature that has been altered.
inosine methylation state	FeatureType	rna_modification		2	embedding	SO:0001278	one_methylinosine	one_methylinosine	0.635	1-methylinosine is a modified inosine.
inosine methylation state	FeatureType	rna_modification		3	embedding	SO:0000161	methylated_adenine	methylated_adenine	0.558	A modified base in which adenine has been methylated.
inosine methylation state	FeatureType	rna_modification		4	embedding	SO:0000874	edited_transcript_by_A_to_I_substitution	edited_transcript_by_A_to_I_substitution	0.558	A transcript that has been edited by A to I substitution.
inosine methylation state	FeatureType	rna_modification		5	embedding	SO:0001295	one_methyladenosine	one_methyladenosine	0.539	1_methyladenosine is a modified adenosine.
m5C methylation state	FeatureType	rna_modification		1	embedding	SO:0001918	5_methylcytosine	5_methylcytosine	0.776	A cytosine methylated at the 5 carbon.
m5C methylation state	FeatureType	rna_modification		2	embedding	SO:0001282	five_methylcytidine	five_methylcytidine	0.735	5-methylcytidine is a modified cytidine.
m5C methylation state	FeatureType	rna_modification		3	embedding	SO:0001919	4_methylcytosine	4_methylcytosine	0.659	A cytosine methylated at the 4 nitrogen.
m5C methylation state	FeatureType	rna_modification		4	embedding	SO:0001344	five_methyluridine	five_methyluridine	0.656	5_methyluridine is a modified uridine base feature.
m5C methylation state	FeatureType	rna_modification		5	embedding	SO:0001281	three_methylcytidine	three_methylcytidine	0.654	3-methylcytidine is a modified cytidine.
m6A methylation state	FeatureType	rna_modification	SO:0001297	1	embedding	SO:0001297	N6_methyladenosine	N6_methyladenosine	0.693	N6_methyladenosine is a modified adenosine.
m6A methylation state	FeatureType	rna_modification	SO:0001297	2	embedding	SO:0001299	two_methylthio_N6_methyladenosine	two_methylthio_N6_methyladenosine	0.626	2_methylthio_N6_methyladenosine is a modified adenosine.
m6A methylation state	FeatureType	rna_modification	SO:0001297	3	embedding	SO:0001307	N6_methyl_N6_threonylcarbamoyladenosine	N6_methyl_N6_threonylcarbamoyladenosine	0.606	N6_methyl_N6_threonylcarbamoyladenosine is a modified adenosine.
m6A methylation state	FeatureType	rna_modification	SO:0001297	4	embedding	SO:0001313	N6_N6_2_prime_O_trimethyladenosine	N6_N6_2_prime_O_trimethyladenosine	0.603	N6_N6_2prime_O_trimethyladenosine is a modified adenosine.
m6A methylation state	FeatureType	rna_modification	SO:0001297	5	embedding	SO:0001311	N6_N6_dimethyladenosine	N6_N6_dimethyladenosine	0.595	N6_N6_dimethyladenosine is a modified adenosine.
pseudouridine methylation state	FeatureType	rna_modification		1	embedding	SO:0001187	pseudouridylation_guide_snoRNA	pseudouridylation_guide_snoRNA	0.627	A snoRNA that specifies the site of pseudouridylation in an RNA molecule by base pairing with a short sequence around the target residue.
pseudouridine methylation state	FeatureType	rna_modification		2	embedding	SO:0001229	pseudouridine	pseudouridine	0.613	A modified RNA base in which the 5- position of the uracil is bound to the ribose ring instead of the 4- position.
pseudouridine methylation state	FeatureType	rna_modification		3	embedding	SO:0002380	pseudouridylation_guide_snoRNA_gene	pseudouridylation_guide_snoRNA_gene	0.611	A gene that codes for pseudouridylation_guide_snoRNA. A snoRNA that specifies the site of pseudouridylation in an RNA molecule by base pairing with a short sequence around the target residue.
pseudouridine methylation state	FeatureType	rna_modification		4	embedding	SO:0001372	three_methyluridine	three_methyluridine	0.584	3_methyluridine is a modified uridine base feature.
pseudouridine methylation state	FeatureType	rna_modification		5	embedding	SO:0001373	one_methyl_three_three_amino_three_carboxypropyl_pseudouridine	one_methyl_three_three_amino_three_carboxypropyl_pseudouridine	0.584	1_methyl_3_3_amino_3_carboxypropyl_pseudouridine is a modified uridine base feature.
links	FeatureType	element_gene_linkage		1	embedding	SO:0000626	chromosomal_regulatory_element	chromosomal_regulatory_element	0.525	Regions of the chromosome that are important for regulating binding of chromosomes to the nuclear matrix.
links	FeatureType	element_gene_linkage		2	embedding	SO:0001887	regulatory_region_fusion	regulatory_region_fusion	0.459	A feature fusion where the deletion brings together regulatory regions.
links	FeatureType	element_gene_linkage		3	embedding	SO:0002192	flanking_repeat	flanking_repeat	0.456	A repeat lying outside the sequence for which it has functional significance (eg. transposon insertion target sites).
links	FeatureType	element_gene_linkage		4	embedding	SO:0000628	chromosomal_structural_element	chromosomal_structural_element	0.456	Regions of the chromosome that are important for structural elements.
links	FeatureType	element_gene_linkage		5	embedding	SO:0002401	upstream_intergenic_fusion	upstream_intergenic_fusion	0.451	A sequence variant whereby two genomic features have become joined with one breakend proximally upstream of a gene.
mapping	FeatureType	haplotype		1	embedding	SO:0000149	contig	contig	0.717	A contiguous sequence derived from sequence assembly. Has no gaps, but may contain N's from unavailable bases.
mapping	FeatureType	haplotype		2	embedding	SO:0001866	BAC_read_contig	BAC_read_contig	0.635	A contig of BAC reads.
mapping	FeatureType	haplotype		3	embedding	SO:0000476	contig_read	contig_read	0.633	A DNA sequencer read which is part of a contig.
mapping	FeatureType	haplotype		4	embedding	SO:0000148	supercontig	supercontig	0.630	One or more contigs that have been ordered and oriented using end-read information. Contains gaps that are filled with N's.
mapping	FeatureType	haplotype		5	embedding	SO:0001876	partial_genomic_sequence_assembly	partial_genomic_sequence_assembly	0.626	A partial DNA sequence assembly of a chromosome or full genome, which contains gaps that are filled with N's.
